Execution ID,Query,Start time,Status,Run time,Data scanned,Query engine version used,Encryption
4db4bc1e-a751-4532-aa35-8c9786bb7e4f,SELECT * FROM erp_gold_view_brockerbin_repatriated_stocks,2024-04-12T14:15:54.185+02:00,SUCCEEDED,8.958 sec,1.67 GB,Athena engine version 3,
a48e6132-d42c-422d-8465-e3b11222a3cf,SELECT * FROM erp_gold_view_brockerbin_standard_stocks,2024-04-12T14:15:37.113+02:00,SUCCEEDED,10.239 sec,1.67 GB,Athena engine version 3,
55a10cff-c37e-4b09-a4a0-e6d6fce008a9,"SELECT DISTINCT asset_id FROM ""datalake-prod"".""byd_bronze_view_daily_contract_assets"" 
WHERE contract_id LIKE 'CB4795002A%'",2024-04-12T12:16:55.235+02:00,SUCCEEDED,2.109 sec,1.55 GB,Athena engine version 3,
dff8feca-a469-436b-893f-36088c1655de,"SELECT DISTINCT asset_id FROM ""datalake-prod"".""byd_bronze_view_daily_contract_assets"" 
WHERE contract_id LIKE 'CB4795002A%'",2024-04-12T12:16:03.423+02:00,SUCCEEDED,2.16 sec,1.55 GB,Athena engine version 3,
98bde19f-b443-446f-a279-ce99333389a9,"SELECT DISTINCT asset_id FROM ""datalake-prod"".""byd_bronze_view_daily_contract_assets"" 
WHERE contract_id LIKE 'CB4795002%'",2024-04-12T12:15:33.442+02:00,SUCCEEDED,2.235 sec,1.55 GB,Athena engine version 3,
9480c1f5-55b1-4dfb-88c6-1f1bb786bcca,"SELECT DISTINCT asset_id FROM ""datalake-prod"".""byd_bronze_view_daily_contract_assets"" 
WHERE contract_id = 'CB4795002%'",2024-04-12T12:15:21.146+02:00,SUCCEEDED,2.167 sec,1.55 GB,Athena engine version 3,
9a53d83f-c031-4759-a9e8-7bb3b5c00825,"select ""userid"", ""paycomponent"", ""compensationstartdate"", ""paycompvalue"", ""imported_at"" from ""AwsDataCatalog"".""datalake-prod"".""sf_view_daily_compensation_processed""",2024-04-12T12:11:28.865+02:00,SUCCEEDED,1.826 sec,41.22 MB,Athena engine version 3,
83140554-b075-4aeb-8750-45fa471514f4,"select ""id"", ""delivery_id"", ""item_id"", ""delivery_item_id"", ""delivery_type"", ""delivery_type_desc"", ""business_partner"", ""data_origin"", ""quantity"", ""released_status"", ""packaging_status"", ""cancellation_status"", ""consistency_status"", ""tms_status"", ""shipping_cost"", ""shipping_cost_currency"", ""freight"", ""freight_currency"", ""freightforwarder_id"", ""freightforwarder_name"", ""nb_colis"", ""width"", ""width_unit"", ""length"", ""length_unit"", ""height"", ""height_unit"", ""weight"", ""weight_unit"", ""comment"", ""signature_request"", ""packaging_type"", ""nb_pallets"", ""shipfrom_location_id"", ""departure_shop"", ""shipto_location_id"", ""shipto_country"", ""shipto_city"", ""shipto_street"", ""tracking_number"", ""delivery_date"", ""shipping_date"", ""packaging_date"", ""last_update"", ""creation_date"", ""company_code"", ""imported_at"" from ""AwsDataCatalog"".""datalake-prod"".""erp_gold_view_daily_deliveries_items_aggr""",2024-04-12T12:05:02.762+02:00,SUCCEEDED,16.131 sec,3.49 GB,Athena engine version 3,
fd1fed60-29e3-4873-a0b5-a46f6a240a88,SHOW SCHEMAS,2024-04-12T12:05:01.863+02:00,SUCCEEDED,432 ms,0 MB,Athena engine version 3,
be914359-ac4e-47d1-9c26-93ab5445aed9,"select ""delivery_id"", ""delivery_item_id"", ""product_id"", ""business_partner"", ""shipping_cost"", ""shipping_date"", ""ods_id"", ""contract_id"", ""imported_at"" from ""AwsDataCatalog"".""datalake-prod"".""erp_gold_view_daily_transport_cost""",2024-04-12T12:01:53.853+02:00,SUCCEEDED,6.129 sec,3.91 GB,Athena engine version 3,
c10d527d-7513-4a0e-bacd-eaf582737913,"select ""id"", ""buyerid"", ""employee_responsible"", ""costcenter"", ""partyid"", ""partyid17"", ""partyid18"", ""description"", ""lifecyclestatus"", ""shipfrom"", ""additionalinstruction"", ""product_id"", ""product_description"", ""product_replacement"", ""product_quantity"", ""confirmed_quantity"", ""crl_cqireleasedforcastmargincontent_sdk"", ""netamount"", ""currency"", ""imported_at"", ""creation_date"" from ""AwsDataCatalog"".""datalake-prod"".""erp_gold_view_daily_sales_order_items""",2024-04-12T12:00:08.065+02:00,SUCCEEDED,2.767 sec,155.22 MB,Athena engine version 3,
004f79a9-68a7-4669-ad44-e2ea9eeef15d,"select ""id"", ""item_id"", ""delivery_id"", ""delivery_item_id"", ""cancellation_status"", ""consistency_status"", ""release_status"", ""product_id"", ""quantity"", ""imported_at"", ""creation_date"", ""deliveries_id"", ""confirmed_id"", ""shipto_id"", ""theoritical_arrivaldate"" from ""AwsDataCatalog"".""datalake-prod"".""erp_gold_view_daily_inbound_delivery_item""",2024-04-12T12:00:07.376+02:00,SUCCEEDED,9.439 sec,858.13 MB,Athena engine version 3,
2b559df1-2d07-4466-8aee-3e71ae8660fa,SHOW SCHEMAS,2024-04-12T12:00:07.210+02:00,SUCCEEDED,330 ms,0 MB,Athena engine version 3,
ac43e44a-0d75-4832-b853-76f0de6ff160,SHOW SCHEMAS,2024-04-12T12:00:06.510+02:00,SUCCEEDED,411 ms,0 MB,Athena engine version 3,
d8d2ee66-001e-4f2a-be5d-c47c4d67b1e8,"select ""userid"", ""paycomponent"", ""compensationstartdate"", ""paycompvalue"", ""imported_at"" from ""AwsDataCatalog"".""datalake-prod"".""sf_view_daily_compensation_processed""",2024-04-12T12:00:05.183+02:00,SUCCEEDED,1.341 sec,41.22 MB,Athena engine version 3,
32035380-a8ab-4624-a3f5-641f3ed126ef,SHOW SCHEMAS,2024-04-12T12:00:04.303+02:00,SUCCEEDED,354 ms,0 MB,Athena engine version 3,
dee18ed2-6985-4532-b037-d8f24b8a3516,"SELECT * FROM ""datalake-prod"".""sfdc_table_daily_cpq"" 
LIMIT 10",2024-04-12T11:39:05.874+02:00,SUCCEEDED,669 ms,4.43 MB,Athena engine version 3,
85e08a2d-966f-407d-8172-a5a0b09d508c,"SELECT * FROM ""datalake-prod"".""sfdc_table_daily_cpq"" 
WHERE id LIKE '%Q-73566%'",2024-04-12T11:38:52.615+02:00,SUCCEEDED,1.685 sec,118.33 MB,Athena engine version 3,
2da07e79-7f53-4049-86e9-03c39f4a7462,"select ""id_commande_client"", ""creation_date"", ""imported_at"" from ""AwsDataCatalog"".""datalake-prod"".""erp_gold_view_daily_sales_order""",2024-04-12T11:35:02.605+02:00,SUCCEEDED,1.064 sec,22.13 MB,Athena engine version 3,
314ab46d-f4ff-4399-9e4f-45a6408482d4,SHOW SCHEMAS,2024-04-12T11:35:01.725+02:00,SUCCEEDED,400 ms,0 MB,Athena engine version 3,
6d64cee8-c7e1-4c8c-88c6-8925925b122a,"SELECT * FROM ""datalake-prod"".""sfdc_table_daily_cpq"" limit 10",2024-04-12T11:30:40.555+02:00,SUCCEEDED,628 ms,2.21 MB,Athena engine version 3,
ff42560d-4242-4777-81c4-868da77df7e0,"select ""contract_id"", ""user"", ""tt_created_date"", ""tracked_time(min)"", ""tracked_time(h)"", ""hourly_rate"", ""staff_cost"", ""client_id"", ""imported_at"" from ""AwsDataCatalog"".""datalake-prod"".""sfdc_gold_view_daily_staff_cost""",2024-04-12T11:29:07.919+02:00,SUCCEEDED,7.144 sec,4.46 GB,Athena engine version 3,
adfaa192-da9d-4381-872a-6566c23b3492,"select ""posting_date"", ""company_currency_amount"", ""business_partner"" from ""AwsDataCatalog"".""datalake-prod"".""erp_gold_view_daily_penalties""",2024-04-12T11:28:48.399+02:00,SUCCEEDED,6.325 sec,8.31 GB,Athena engine version 3,
1594059c-2558-4ff1-ac6c-31cafb8b8e17,"SELECT SBQQ__ProductName__c, SBQQ__Quote__c, id, Serial_Number__c
FROM my_json_data",2024-04-12T11:18:06.749+02:00,SUCCEEDED,329 ms,0 MB,Athena engine version 3,
e7907074-895c-4c47-bd43-5ca010365cff,"CREATE EXTERNAL TABLE IF NOT EXISTS my_json_data ( SBQQ__ProductName__c STRING, SBQQ__Quote__c STRING, ID STRING, Serial_Number__c STRING ) ROW FORMAT SERDE 'org.openx.data.jsonserde.JsonSerDe' WITH SERDEPROPERTIES ('serialization.format' = '1') LOCATION 's3://evernex-datalake-prod/erp/byd/sfdc_daily_cpq.json'",2024-04-12T11:18:01.562+02:00,SUCCEEDED,367 ms,0 MB,Athena engine version 3,
e2ccc15d-9e50-40a8-b0b4-34cfb123cc56,"SELECT SBQQ__ProductName__c, SBQQ__Quote__c, id, Serial_Number__c
FROM my_json_data",2024-04-12T11:16:38.721+02:00,SUCCEEDED,312 ms,0 MB,Athena engine version 3,
a98177c3-8faf-4e20-8f2e-0ed848388fed,"CREATE EXTERNAL TABLE IF NOT EXISTS my_json_data ( SBQQ__ProductName__c STRING, SBQQ__Quote__c STRING, id STRING, Serial_Number__c STRING ) ROW FORMAT SERDE 'org.openx.data.jsonserde.JsonSerDe' WITH SERDEPROPERTIES ('serialization.format' = '1') LOCATION 's3://evernex-datalake-prod/erp/byd/sfdc_daily_cpq.json'",2024-04-12T11:16:33.266+02:00,SUCCEEDED,406 ms,0 MB,Athena engine version 3,
95ce6211-ab5c-49a3-a075-62bb06a78ce3,"SELECT SBQQ__ProductName__c, SBQQ__Quote__c, ID, Serial_Number__c
FROM my_json_data",2024-04-12T11:16:22.596+02:00,SUCCEEDED,324 ms,0 MB,Athena engine version 3,
9b243f23-bf05-461f-ab31-676494fb54ea,"SELECT SBQQ__ProductName__c, SBQQ__Quote__c, ID, Serial_Number__c
FROM my_json_data
WHERE condition",2024-04-12T11:16:15.957+02:00,FAILED,200 ms,0 MB,Athena engine version 3,
db4dc2cf-6ea6-424e-bd7b-ec1b4b5fac1f,"CREATE EXTERNAL TABLE IF NOT EXISTS my_json_data ( SBQQ__ProductName__c STRING, SBQQ__Quote__c STRING, ID STRING, Serial_Number__c STRING ) ROW FORMAT SERDE 'org.openx.data.jsonserde.JsonSerDe' WITH SERDEPROPERTIES ('serialization.format' = '1') LOCATION 's3://evernex-datalake-prod/erp/byd/sfdc_daily_cpq.json'",2024-04-12T11:16:03.485+02:00,SUCCEEDED,367 ms,0 MB,Athena engine version 3,
2934d76e-123d-4131-90cd-0a26f1355f5e,"select ""id"", ""posting_date"", ""company_currency_balance"", ""business_partner"", ""product_id"", ""contract_id"", ""service_confirmation_item_id"", ""parent_document_id"", ""ods_id"" from ""AwsDataCatalog"".""datalake-prod"".""erp_gold_view_daily_spare_parts_consumption""",2024-04-12T11:11:50.967+02:00,SUCCEEDED,13.952 sec,9.79 GB,Athena engine version 3,
c91c3d56-8971-4ba9-a630-69206ae3fb07,"select ""account_id"", ""rebates2022"" from ""AwsDataCatalog"".""datalake-prod"".""erp_view_manual_rebates""",2024-04-12T11:10:07.310+02:00,SUCCEEDED,497 ms,2.13 KB,Athena engine version 3,
90d50c46-9801-41a0-8e6d-66612c0806fb,"select ""client_id"", ""2019"", ""2020"", ""2021"", ""2022"", ""2023"", ""2024"" from ""AwsDataCatalog"".""datalake-prod"".""erp_gold_pl_initialization2""",2024-04-12T11:08:56.457+02:00,SUCCEEDED,2.51 sec,140.01 MB,Athena engine version 3,
da4fec21-b41a-4788-8175-9ab40540d8bb,"SELECT 
erp_gold_view_daily_active_contracts_assets_countries.contract_id AS Contract_Number
,sales_unit AS Contract_Sales_Unit
,erp_gold_view_daily_active_contracts_assets_countries.contract_start_date AS Start_Date_Contract
,erp_gold_view_daily_active_contracts_assets_countries.contract_end_date AS End_Date_Contract
,erp_gold_view_daily_active_contracts_assets_countries.reference_product_id AS Reference_Product_ID
,name AS Reference_Product_Description
,brand AS Brand
,erp_gold_view_daily_products.description AS Category
,serial_number AS serial_number
FROM ""datalake-prod"".""erp_gold_view_daily_active_contracts_assets_countries"" 

left join ""erp_gold_view_daily_contracts"" ON erp_gold_view_daily_active_contracts_assets_countries.contract_id = erp_gold_view_daily_contracts.id
left join ""erp_gold_view_daily_products"" ON erp_gold_view_daily_active_contracts_assets_countries.reference_product_id = erp_gold_view_daily_products.id

WHERE  brand LIKE '%NETAPP%'",2024-04-12T11:00:57.341+02:00,SUCCEEDED,8.174 sec,4.72 GB,Athena engine version 3,
7463b5f9-013e-44f1-83a3-9157b6654b9a,"SELECT 
erp_gold_view_daily_active_contracts_assets_countries.contract_id AS Contract_Number
,sales_unit AS Contract_Sales_Unit
,erp_gold_view_daily_active_contracts_assets_countries.contract_start_date AS Start_Date_Contract
,erp_gold_view_daily_active_contracts_assets_countries.contract_end_date AS End_Date_Contract
,erp_gold_view_daily_active_contracts_assets_countries.reference_product_id AS Reference_Product_ID
,name AS Reference_Product_Description
,brand AS Brand
,description AS Category
,serial_number AS serial_number
FROM ""datalake-prod"".""erp_gold_view_daily_active_contracts_assets_countries"" 

left join ""erp_gold_view_daily_contracts"" ON erp_gold_view_daily_active_contracts_assets_countries.contract_id = erp_gold_view_daily_contracts.id
left join ""erp_gold_view_daily_products"" ON erp_gold_view_daily_active_contracts_assets_countries.reference_product_id = erp_gold_view_daily_products.id

WHERE  brand LIKE '%NETAPP%'",2024-04-12T11:00:39.879+02:00,FAILED,2.433 sec,0 MB,Athena engine version 3,
6e9e5e39-f98f-4258-9709-b4d385e2293b,"select ""id"", ""2019"", ""2020"", ""2021"", ""2022"", ""2023"", ""2024"" from ""AwsDataCatalog"".""datalake-prod"".""erp_gold_pl_initialization""",2024-04-12T11:00:04.113+02:00,SUCCEEDED,2.617 sec,140.01 MB,Athena engine version 3,
ff16ddf0-c22d-4e4c-9d7d-54745dec46ef,SHOW SCHEMAS,2024-04-12T11:00:03.228+02:00,SUCCEEDED,466 ms,0 MB,Athena engine version 3,
cf78bc7b-e7d6-47fe-8018-a808bc99794b,"select ""id"", ""ods_id"", ""item_id"", ""ods_item_id"", ""product_descr"", ""product_id"", ""asked_product_descr"", ""cost_center"", ""ship_from"", ""departure_shop_id"", ""departure_shop_desc"", ""additional_instructions"", ""product_replacement"", ""item_type"", ""type"", ""uuid"", ""buyer_id"", ""vendor_id"", ""equivalent_authorized"", ""quantity"", ""cancellation_status"", ""consistency_status"", ""status"", ""service_status"", ""delivery_status"", ""invoice_status"", ""product_availability_status"", ""imported_at"", ""description"", ""service_confirmation_id"", ""contract_id"", ""asset_id"", ""company_currency_balance"", ""company_currency"", ""created_at"", ""updated_at"", ""posting_date"", ""ods_product"", ""purchasing_unit_id"" from ""AwsDataCatalog"".""datalake-prod"".""erp_gold_view_daily_ods_items_prices_emergency_unit""",2024-04-12T10:55:02.688+02:00,SUCCEEDED,24.359 sec,11.71 GB,Athena engine version 3,
96326510-06be-46da-939c-6f4ade7f4809,SHOW SCHEMAS,2024-04-12T10:55:01.779+02:00,SUCCEEDED,343 ms,0 MB,Athena engine version 3,
0ca86e2c-4631-4d72-806c-0bc5ccb97f9d,"SELECT 
*
FROM ""datalake-prod"".""erp_gold_view_daily_active_contracts_assets_countries"" limit 10",2024-04-12T10:53:05.281+02:00,SUCCEEDED,6.205 sec,4.27 GB,Athena engine version 3,
58793ecb-53ce-4f58-ae9c-30621399be08,"SELECT * FROM ""datalake-prod"".""erp_silver_daily_active_contracts_assets_countries_componants"" limit 10",2024-04-12T10:51:20.202+02:00,SUCCEEDED,13.767 sec,5.91 GB,Athena engine version 3,
6b03e172-8ed1-435f-a715-1ffe0169264e,"SELECT * FROM ""datalake-prod"".""erp_gold_view_daily_extract_bom_pierre"" limit 10",2024-04-12T10:39:45.732+02:00,SUCCEEDED,13.788 sec,5.91 GB,Athena engine version 3,
932cfd34-5ef4-4b7d-b47c-43c71abf3142,"select ""opened_date"", ""closed_date"", ""id"", ""owner"", ""service_contract_type"", ""status"", ""qualification"", ""out_of_contract_type"", ""sla"", ""reason_sla_nok"", ""region"", ""escalation"", ""escalation_date"", ""escalation_reason"", ""asset_id"", ""contract_id"", ""company_id"", ""relative_week"", ""imported_at"" from ""AwsDataCatalog"".""datalake-prod"".""sfdc_view_daily_case""",2024-04-12T10:30:04.064+02:00,SUCCEEDED,5.069 sec,5.07 GB,Athena engine version 3,
7d86f85b-2465-4bac-9036-5ce278eb7fd8,SHOW SCHEMAS,2024-04-12T10:30:02.451+02:00,SUCCEEDED,713 ms,0 MB,Athena engine version 3,
d63b39f4-b975-4a44-842b-fead120decdc,"SELECT * FROM ""datalake-prod"".""byd_table_daily_contracts_assets"" 
WHERE id like 'CB4795002A%'",2024-04-12T10:22:53.400+02:00,SUCCEEDED,2.049 sec,1.55 GB,Athena engine version 3,
b6807876-7b03-4c97-9a0d-da2485f260a0,"select ""id"", ""delivery_id"", ""product_id"", ""identified_stock"", ""product_price_location"", ""price"", ""currency_code"", ""sales_unit"", ""employee_id"", ""shipfrom_location_id"", ""creation_date"", ""delivery_date"", ""imported_at"" from ""AwsDataCatalog"".""datalake-prod"".""erp_gold_daily_sorties_de_marchandises""",2024-04-12T10:00:06.302+02:00,SUCCEEDED,8.265 sec,4.35 GB,Athena engine version 3,
3cb17e1b-913d-4c31-96ad-b3da36fc5f72,SHOW SCHEMAS,2024-04-12T10:00:05.420+02:00,SUCCEEDED,367 ms,0 MB,Athena engine version 3,
7a90c92c-916b-4f10-9e56-2fe3466ee3d6,"select ""id"", ""contract_id"", ""contract"", ""sales_order_id"", ""item_id"", ""description"", ""hors_cutoff"", ""client_id"", ""productid"", ""contract_item_date"", ""contract_item_start_date"", ""contract_item_end_date"", ""start_date"", ""end_date"", ""fulfilment_category"", ""processing_type"", ""cancellation_status"", ""contract_status"", ""fulfilment_processing_status"", ""invoice_processing_status"", ""release_status"", ""type"", ""netamount"", ""grossamount"", ""target_amount"", ""currency_code"", ""currencycode"", ""company_code"", ""created_at"", ""updated_at"", ""imported_at"", ""sales_unit"", ""service_level_code"", ""difference_in_months"" from ""AwsDataCatalog"".""datalake-prod"".""erp_gold_view_daily_contracts_location""",2024-04-12T10:00:04.217+02:00,SUCCEEDED,6.018 sec,1.31 GB,Athena engine version 3,
c534673f-8bce-4b1e-aa16-551bcda53852,"select ""id"", ""delivery_id"", ""delivery_type"", ""delivery_type_desc"", ""business_partner"", ""data_origin"", ""quantity"", ""released_status"", ""packaging_status"", ""cancellation_status"", ""consistency_status"", ""tms_status"", ""shipping_cost"", ""shipping_cost_currency"", ""freight"", ""freight_currency"", ""freightforwarder_id"", ""freightforwarder_name"", ""nb_colis"", ""width"", ""width_unit"", ""length"", ""length_unit"", ""height"", ""height_unit"", ""weight"", ""weight_unit"", ""signature_request"", ""packaging_type"", ""nb_pallets"", ""shipfrom_location_id"", ""shipto_location_id"", ""shipto_country"", ""shipto_city"", ""shipto_street"", ""tracking_number"", ""delivery_date"", ""shipping_date"", ""packaging_date"", ""last_update"", ""creation_date"", ""company_code"", ""imported_at"" from ""AwsDataCatalog"".""datalake-prod"".""erp_gold_view_daily_deliveries""",2024-04-12T10:00:04.118+02:00,SUCCEEDED,7.287 sec,1.23 GB,Athena engine version 3,
f5c5b405-973f-404f-b062-2ca29570f636,SHOW SCHEMAS,2024-04-12T10:00:03.319+02:00,SUCCEEDED,406 ms,0 MB,Athena engine version 3,
330a5fd2-e6e5-4675-9c08-8b237960c5e2,SHOW SCHEMAS,2024-04-12T10:00:03.220+02:00,SUCCEEDED,374 ms,0 MB,Athena engine version 3,
b443c28f-9321-4638-8e92-5673d4db5ea1,"select ""costcenter"", ""id"", ""buyerid"", ""employee_responsible"", ""partyid"", ""partyid17"", ""partyid18"", ""description"", ""lifecyclestatus"", ""shipfrom"", ""additionalinstruction"", ""product_id"", ""product_description"", ""product_replacement"", ""product_quantity"", ""confirmed_quantity"", ""crl_cqireleasedforcastmargincontent_sdk"", ""netamount"", ""currency"", ""imported_at"", ""creation_date"" from ""AwsDataCatalog"".""datalake-prod"".""erp_gold_view_daily_sales_order_items""",2024-04-12T09:30:03.681+02:00,SUCCEEDED,4.142 sec,155.22 MB,Athena engine version 3,
e1f6c31c-fc23-47a0-9ff7-a403448316fa,"select ""id_stock_identifie"", ""productid"", ""identifiedstockpartyid"", ""gestionnaire_de_confirmation"", ""zone_logistique"", ""site"", ""quantity"", ""date_creation"", ""imported_at"" from ""AwsDataCatalog"".""datalake-prod"".""erp_gold_view_entree_en_stock""",2024-04-12T09:30:03.115+02:00,SUCCEEDED,2.691 sec,782.79 MB,Athena engine version 3,
821a8f45-834a-4777-82e2-a5e087af668a,SHOW SCHEMAS,2024-04-12T09:30:02.753+02:00,SUCCEEDED,389 ms,0 MB,Athena engine version 3,
24aee446-4916-46db-b92a-c3da7413b36e,SHOW SCHEMAS,2024-04-12T09:30:02.193+02:00,SUCCEEDED,377 ms,0 MB,Athena engine version 3,
a1b4b0dc-6744-4df9-ac6e-11df3365fc3d,"EXECUTE stmt20287007253 USING cast('Not Canceled' as CHAR(12)), cast('EVFR01-EVX' as CHAR(10))",2024-04-12T09:16:45.954+02:00,SUCCEEDED,12.808 sec,10.74 GB,Athena engine version 3,
6918198d-c89d-4767-81bb-68da2ba8543d,"SELECT * FROM (select ""id"", ""ods_id"", ""item_id"", ""ods_item_id"", ""product_descr"", ""product_id"", ""asked_product_descr"", ""cost_center"", ""ship_from"", ""departure_shop_id"", ""departure_shop_desc"", ""additional_instructions"", ""product_replacement"", ""item_type"", ""type"", ""uuid"", ""buyer_id"", ""vendor_id"", ""equivalent_authorized"", ""quantity"", ""cancellation_status"", ""consistency_status"", ""status"", ""service_status"", ""delivery_status"", ""invoice_status"", ""product_availability_status"", ""imported_at"", ""description"", ""company_currency_balance"", ""company_currency"", ""created_at"", ""created_by"", ""posting_date"" from ""AwsDataCatalog"".""datalake-prod"".""erp_gold_view_daily_ods_prices"" WHERE ((""cancellation_status"" =  NULL ) AND (""ship_from"" =  NULL )) ) T LIMIT 0",2024-04-12T09:16:40.554+02:00,SUCCEEDED,3.317 sec,0 MB,Athena engine version 3,
dd775be1-836f-4406-939d-4f4ff6d23e26,"EXECUTE stmt8941853271 USING cast('EVFR09' as CHAR(6)), cast('EVFR01' as CHAR(6)), cast('Not Canceled' as CHAR(12))",2024-04-12T09:09:06.720+02:00,SUCCEEDED,6.087 sec,2.26 GB,Athena engine version 3,
8b330842-9737-4bc2-a71a-c71210128da2,"SELECT * FROM (select ""id"", ""odt_id"", ""item_id"", ""odt_item_id"", ""shipfrom_site"", ""shipfrom_location"", ""shipto_location"", ""shipto_site"", ""creator_name"", ""transactiondocumenttype"", ""confirmationstatus"", ""cancellationstatus"", ""logisticsexecutionblockingstatus"", ""logisticsexecutionprocessingstatus"", ""logisticsexecutionreleasestatus"", ""processingstatus"", ""product_id"", ""confirmed_quantity"", ""fulfilled_quantity"", ""requested_quantity"", ""planned_quentity"", ""imported_at"", ""created_at"", ""updated_at"", ""location_product_concat"", ""price"" from ""AwsDataCatalog"".""datalake-prod"".""erp_gold_view_daily_odt_items"" WHERE ((""shipto_site"" =  NULL ) AND (""shipfrom_site"" =  NULL ) AND (""cancellationstatus"" =  NULL )) ) T LIMIT 0",2024-04-12T09:09:03.892+02:00,SUCCEEDED,1.889 sec,0 MB,Athena engine version 3,
248fb0b9-6450-44bf-95b6-169afe973e1e,SHOW SCHEMAS,2024-04-12T09:09:02.969+02:00,SUCCEEDED,383 ms,0 MB,Athena engine version 3,
7ad9afb1-0984-41dd-a4e1-aaceb7e378a4,"EXECUTE stmt20287007252 USING cast('23MCOPL-EMERGENCY' as CHAR(17)), cast('23MCOPL-REAPPROS' as CHAR(16))",2024-04-12T09:02:15.180+02:00,SUCCEEDED,4.394 sec,437.16 MB,Athena engine version 3,
5a24b73b-5973-4be6-8957-095d05d1734d,"SELECT * FROM (select ""id"", ""po_id"", ""purchasing_unit_id"", ""total_net_amount"", ""total_net_amount_currency_code"", ""total_tax_amount"", ""total_tax_amount_currency_code"", ""total_gross_amount"", ""total_gross_amount_currency_code"", ""items_id"", ""product_id"", ""ods_id"", ""location_id"", ""ordered_date"", ""updated_at"", ""created_at"", ""imported_at"", ""quantity"" from ""AwsDataCatalog"".""datalake-prod"".""erp_gold_view_daily_purchase_order_purchase_order_item"" WHERE ((""purchasing_unit_id"" =  NULL  OR ""purchasing_unit_id"" =  NULL )) ) T LIMIT 0",2024-04-12T09:02:12.355+02:00,SUCCEEDED,1.716 sec,0 MB,Athena engine version 3,
3068bdc7-5b1b-4944-9155-e9a7fcdb4df0,"select ""id"", ""delivery_request_item_id"", ""delivery_request_id"", ""odt_id"", ""odt_item_id"", ""requested_quantity"", ""odt_creation_date"", ""odt_updated_date"", ""shipfrom_location"", ""shipto_location"", ""asked_product"", ""outbound_deliveries_item_id"", ""shipped_product"", ""outbound_deliveries_id"", ""shipping_cost"", ""shipping_cost_currency"", ""nb_colis"", ""delivery_date"", ""shipped_date"", ""packaging_date"", ""delivery_creation_date"", ""inbound_delivery_id"", ""theoritical_arrivaldate"", ""shipping_date"", ""confirmed_inbound_deliveries_id"", ""reception_date"", ""edi_update_date_inbound"", ""description"", ""priority"", ""arrival_date"" from ""AwsDataCatalog"".""datalake-prod"".""erp_gold_view_daily_odt_tracking""",2024-04-12T09:00:24.519+02:00,SUCCEEDED,17.439 sec,6.89 GB,Athena engine version 3,
bac6d4f7-5094-45c5-8564-a11804857c9a,SHOW SCHEMAS,2024-04-12T09:00:23.650+02:00,SUCCEEDED,317 ms,0 MB,Athena engine version 3,
9398da3f-c9dd-4d2c-a9fc-bc76689ee264,EXECUTE stmt20287007251 USING cast('EVFR07-EVX' as CHAR(10)),2024-04-12T09:00:10.925+02:00,SUCCEEDED,4.025 sec,437.16 MB,Athena engine version 3,
c5448e52-2a36-44fa-89c5-895cb74c28fb,"SELECT * FROM (select ""id"", ""po_id"", ""purchasing_unit_id"", ""total_net_amount"", ""total_net_amount_currency_code"", ""total_tax_amount"", ""total_tax_amount_currency_code"", ""total_gross_amount"", ""total_gross_amount_currency_code"", ""items_id"", ""product_id"", ""ods_id"", ""location_id"", ""ordered_date"", ""updated_at"", ""created_at"", ""imported_at"", ""quantity"" from ""AwsDataCatalog"".""datalake-prod"".""erp_gold_view_daily_purchase_order_purchase_order_item"" WHERE ((""location_id"" =  NULL )) ) T LIMIT 0",2024-04-12T09:00:08.071+02:00,SUCCEEDED,1.638 sec,0 MB,Athena engine version 3,
cab6be7d-7374-4af2-9eb8-8987906e27ac,"select ""opened_date"", ""closed_date"", ""id"", ""owner"", ""service_contract_type"", ""status"", ""qualification"", ""out_of_contract_type"", ""sla"", ""reason_sla_nok"", ""region"", ""escalation"", ""escalation_date"", ""escalation_reason"", ""asset_id"", ""contract_id"", ""company_id"", ""relative_week"", ""imported_at"" from ""AwsDataCatalog"".""datalake-prod"".""sfdc_view_daily_case""",2024-04-12T09:00:08.031+02:00,SUCCEEDED,6.678 sec,5.07 GB,Athena engine version 3,
b5d3110c-b37f-45a5-9125-8a2b18b5bc4b,SHOW SCHEMAS,2024-04-12T09:00:07.145+02:00,SUCCEEDED,318 ms,0 MB,Athena engine version 3,
a7a03533-c5ce-45a0-9baa-4639cbe3d744,SHOW SCHEMAS,2024-04-12T09:00:07.115+02:00,SUCCEEDED,357 ms,0 MB,Athena engine version 3,
e136da46-c5cf-4ef3-8913-d7a7917159d4,"select ""id"", ""contract_id"", ""contract"", ""item_id"", ""description"", ""hors_cutoff"", ""client_id"", ""productid"", ""contract_item_date"", ""contract_item_start_date"", ""contract_item_end_date"", ""start_date"", ""end_date"", ""fulfilment_category"", ""processing_type"", ""cancellation_status"", ""contract_status"", ""fulfilment_processing_status"", ""invoice_processing_status"", ""release_status"", ""type"", ""netamount"", ""grossamount"", ""target_amount"", ""currency_code"", ""currencycode"", ""company_code"", ""created_at"", ""updated_at"", ""imported_at"" from ""AwsDataCatalog"".""datalake-prod"".""erp_gold_view_daily_contracts_items""",2024-04-12T09:00:04.972+02:00,SUCCEEDED,5.37 sec,561.18 MB,Athena engine version 3,
23e98338-dd1a-4466-82dc-8f2b069fe2d6,SHOW SCHEMAS,2024-04-12T09:00:04.096+02:00,SUCCEEDED,413 ms,0 MB,Athena engine version 3,
91834a15-8edd-4c26-af51-7cd1a9a16138,"select ""id"", ""po_id"", ""purchasing_unit_id"", ""total_net_amount"", ""total_net_amount_currency_code"", ""total_tax_amount"", ""total_tax_amount_currency_code"", ""total_gross_amount"", ""total_gross_amount_currency_code"", ""items_id"", ""product_id"", ""ods_id"", ""location_id"", ""ordered_date"", ""updated_at"", ""created_at"", ""imported_at"", ""quantity"" from ""AwsDataCatalog"".""datalake-prod"".""erp_gold_view_daily_purchase_order_purchase_order_item""",2024-04-12T09:00:03.966+02:00,SUCCEEDED,7.42 sec,437.16 MB,Athena engine version 3,
82548515-bd80-40b3-9a8e-0fbee0c3c13c,EXECUTE stmt378104395 USING cast('EVFR99-EVX' as CHAR(10)),2024-04-12T08:40:54.444+02:00,SUCCEEDED,8.036 sec,2.97 GB,Athena engine version 3,
5b73dad2-3ead-48a2-a0e5-d6a1a0d315b3,"SELECT * FROM (select ""identified_stock_id"", ""stock_type_id"", ""location_id"", ""logistics_area_id"", ""product_id"", ""price"", ""currency_code"", ""price_location"", ""stock_on_hand"", ""inspected"", ""restricted"", ""company_code"", ""last_count_date"", ""last_pickup_date"", ""last_putaway_date"", ""imported_at"", ""inventoried_status"", ""warehouse_inventoried"", ""logistics_area_inventoried"" from ""AwsDataCatalog"".""datalake-prod"".""erp_gold_view_daily_stocks_inventory"" WHERE ((""price_location"" =  NULL )) ) T LIMIT 0",2024-04-12T08:40:51.604+02:00,SUCCEEDED,1.366 sec,0 MB,Athena engine version 3,
a623d636-7a73-44a5-8266-c618a76152cf,EXECUTE stmt378104394 USING cast('EVFR98-EVX' as CHAR(10)),2024-04-12T08:39:54.028+02:00,SUCCEEDED,8.805 sec,2.97 GB,Athena engine version 3,
58c43ec4-7291-4bda-b6c3-fecd49f340c1,"SELECT * FROM (select ""identified_stock_id"", ""stock_type_id"", ""location_id"", ""logistics_area_id"", ""product_id"", ""price"", ""currency_code"", ""price_location"", ""stock_on_hand"", ""inspected"", ""restricted"", ""company_code"", ""last_count_date"", ""last_pickup_date"", ""last_putaway_date"", ""imported_at"", ""inventoried_status"", ""warehouse_inventoried"", ""logistics_area_inventoried"" from ""AwsDataCatalog"".""datalake-prod"".""erp_gold_view_daily_stocks_inventory"" WHERE ((""price_location"" =  NULL )) ) T LIMIT 0",2024-04-12T08:39:51.161+02:00,SUCCEEDED,1.371 sec,0 MB,Athena engine version 3,
25b68a68-4227-447b-88f0-97c70e0424a7,EXECUTE stmt378104393 USING cast('EVFR08-EVX' as CHAR(10)),2024-04-12T08:39:25.299+02:00,SUCCEEDED,7.668 sec,2.97 GB,Athena engine version 3,
ad5fb6bf-247d-4628-923d-836b2ffe01a3,"SELECT * FROM (select ""identified_stock_id"", ""stock_type_id"", ""location_id"", ""logistics_area_id"", ""product_id"", ""price"", ""currency_code"", ""price_location"", ""stock_on_hand"", ""inspected"", ""restricted"", ""company_code"", ""last_count_date"", ""last_pickup_date"", ""last_putaway_date"", ""imported_at"", ""inventoried_status"", ""warehouse_inventoried"", ""logistics_area_inventoried"" from ""AwsDataCatalog"".""datalake-prod"".""erp_gold_view_daily_stocks_inventory"" WHERE ((""price_location"" =  NULL )) ) T LIMIT 0",2024-04-12T08:39:22.466+02:00,SUCCEEDED,1.331 sec,0 MB,Athena engine version 3,
a05e9cd1-62d3-45eb-a10b-680a624b6d25,EXECUTE stmt378104392 USING cast('EVFR07-EVX' as CHAR(10)),2024-04-12T08:37:02.887+02:00,SUCCEEDED,7.837 sec,2.97 GB,Athena engine version 3,
4d8330ae-e6a1-4a83-96cc-3d5fe9e09b3c,"SELECT * FROM (select ""identified_stock_id"", ""stock_type_id"", ""location_id"", ""logistics_area_id"", ""product_id"", ""price"", ""currency_code"", ""price_location"", ""stock_on_hand"", ""inspected"", ""restricted"", ""company_code"", ""last_count_date"", ""last_pickup_date"", ""last_putaway_date"", ""imported_at"", ""inventoried_status"", ""warehouse_inventoried"", ""logistics_area_inventoried"" from ""AwsDataCatalog"".""datalake-prod"".""erp_gold_view_daily_stocks_inventory"" WHERE ((""price_location"" =  NULL )) ) T LIMIT 0",2024-04-12T08:37:00.072+02:00,SUCCEEDED,1.342 sec,0 MB,Athena engine version 3,
fec2bb65-dce8-4ab0-a796-4f295ea0c591,"select ""userid"", ""username"", ""title"", ""hub"", ""country"", ""service_territory"", ""case_"", ""name"", ""start_date"", ""end_date"", ""status"", ""sub_status"", ""tracked_time"", ""timezone"" from ""AwsDataCatalog"".""datalake-prod"".""sfdc_view_daily_occupation_rate""",2024-04-12T08:30:03.263+02:00,FAILED,636 ms,0 MB,Athena engine version 3,
649066b2-77f2-4017-b4de-bf445d6f393f,SHOW SCHEMAS,2024-04-12T08:30:02.382+02:00,SUCCEEDED,365 ms,0 MB,Athena engine version 3,
4c80a9be-5724-4de2-9077-4ce77e9c6cb5,"select ""brand"", ""id"", ""name"", ""product_category_technical_name"", ""updated_at"", ""created_at"", ""priority"", ""imported_at"", ""is_equiv"", ""description"", ""productcategoryhierarchy"", ""markcontent"", ""competitorproduct"", ""id4d1"", ""ibpplanningrequired"", ""hscode"", ""id4d"", ""productvaluationlevel"", ""identifiedstocktype"", ""serialidentifierassignmentprofile"" from ""AwsDataCatalog"".""datalake-prod"".""erp_gold_view_daily_products_spaas""",2024-04-12T08:30:01.883+02:00,SUCCEEDED,4.573 sec,277.45 MB,Athena engine version 3,
9da0b836-0c76-47ba-aa75-a260e67fb3d6,EXECUTE stmt378104391 USING cast('EVFR09-EVX' as CHAR(10)),2024-04-12T08:08:07.516+02:00,SUCCEEDED,12.124 sec,2.97 GB,Athena engine version 3,
06a00687-9df5-4fb0-bdf0-66779eca7167,"SELECT * FROM (select ""identified_stock_id"", ""stock_type_id"", ""location_id"", ""logistics_area_id"", ""product_id"", ""price"", ""currency_code"", ""price_location"", ""stock_on_hand"", ""inspected"", ""restricted"", ""company_code"", ""last_count_date"", ""last_pickup_date"", ""last_putaway_date"", ""imported_at"", ""inventoried_status"", ""warehouse_inventoried"", ""logistics_area_inventoried"" from ""AwsDataCatalog"".""datalake-prod"".""erp_gold_view_daily_stocks_inventory"" WHERE ((""price_location"" =  NULL )) ) T LIMIT 0",2024-04-12T08:08:04.683+02:00,SUCCEEDED,1.34 sec,0 MB,Athena engine version 3,
b66f8d27-6c94-43e7-ad86-e3fcfb269219,"select ""postal_code_2"", ""id"", ""rue_2"", ""pays_2"", ""ville_2"" from ""AwsDataCatalog"".""datalake-prod"".""erp_gold_view_daily_customers""",2024-04-12T08:03:24.441+02:00,SUCCEEDED,1.33 sec,13.28 MB,Athena engine version 3,
4903f7c2-2b8d-438e-8264-f1daa4610faa,SHOW SCHEMAS,2024-04-12T08:03:23.531+02:00,SUCCEEDED,345 ms,0 MB,Athena engine version 3,
66460bca-3895-4c4d-8a02-0d69a82725ff,EXECUTE stmt1084179151 USING cast('EVFR01-EVX' as CHAR(10)),2024-04-12T08:00:15.400+02:00,SUCCEEDED,9.038 sec,2.97 GB,Athena engine version 3,
e97b70e7-67a6-48c5-92f7-6d69a13d23be,"EXECUTE stmt5586247381 USING cast('Ready for departure - Mitry' as CHAR(27)), cast('Ready for pick-up - Mitry' as CHAR(25)), cast('Ready for departure - Massy' as CHAR(27)), cast('Ready for pick-up - Massy' as CHAR(25))",2024-04-12T08:00:14.016+02:00,SUCCEEDED,6.652 sec,2.25 GB,Athena engine version 3,
85a6a7aa-dad6-4eda-9ae7-59657195554d,"SELECT * FROM (select ""identified_stock_id"", ""stock_type_id"", ""location_id"", ""logistics_area_id"", ""product_id"", ""price"", ""currency_code"", ""price_location"", ""stock_on_hand"", ""inspected"", ""restricted"", ""company_code"", ""last_count_date"", ""last_pickup_date"", ""last_putaway_date"", ""imported_at"", ""inventoried_status"", ""warehouse_inventoried"", ""logistics_area_inventoried"" from ""AwsDataCatalog"".""datalake-prod"".""erp_gold_view_daily_stocks_inventory"" WHERE ((""price_location"" =  NULL )) ) T LIMIT 0",2024-04-12T08:00:13.898+02:00,SUCCEEDED,1.266 sec,0 MB,Athena engine version 3,
2880f99c-0764-4c66-a538-2441f9af8704,"SELECT * FROM (select ""id"", ""delivery_id"", ""item_id"", ""delivery_item_id"", ""packagingstatus"", ""processingstatus"", ""product_id"", ""consistency_status"", ""cancellation_status"", ""origin_country_id"", ""origin_country"", ""departure_shop"", ""departure_shop_desc"", ""sales_unit"", ""customs_value"", ""customs_value_unit"", ""asked_product_id"", ""asked_product_desc"", ""bu_product"", ""employee_id"", ""identified_stock"", ""hs_code"", ""asked_product_quantity"", ""asked_product_quantity_unit"", ""delivery_schedule"", ""expedition_type"", ""equivalent_authorized"", ""asked_firmware"", ""asked_os"", ""parent_document_id"", ""parent_document_type"", ""additionnal_instructions"", ""deliverie_request_id"", ""deliverie_request_item_id"", ""company_code"", ""imported_at"", ""shipping_date"" from ""AwsDataCatalog"".""datalake-prod"".""erp_gold_view_daily_deliveries_items"" WHERE ((""packagingstatus"" =  NULL  OR ""packagingstatus"" =  NULL  OR ""packagingstatus"" =  NULL  OR ""packagingstatus"" =  NULL )) ) T LIMIT 0",2024-04-12T08:00:12.481+02:00,SUCCEEDED,1.243 sec,0 MB,Athena engine version 3,
4cb58c82-0568-470f-8d3b-df96eb9b2505,SHOW SCHEMAS,2024-04-12T08:00:11.546+02:00,SUCCEEDED,373 ms,0 MB,Athena engine version 3,
59e0921b-63b6-491d-8d93-7915967489ca,"select ""id"", ""name"", ""brand"", ""product_category_technical_name"", ""updated_at"", ""created_at"", ""priority"", ""imported_at"", ""is_equiv"" from ""AwsDataCatalog"".""datalake-prod"".""erp_gold_view_daily_products""",2024-04-12T08:00:08.214+02:00,SUCCEEDED,3.498 sec,277.45 MB,Athena engine version 3,
19cd7c4c-4aff-4c20-a75a-4029eb062fae,SHOW SCHEMAS,2024-04-12T08:00:07.340+02:00,SUCCEEDED,339 ms,0 MB,Athena engine version 3,
342cc396-a7c7-48c6-bfa2-1226eab38c2c,"select ""logistic_area_id"", ""name"", ""lifecycle_status"", ""locations_id"", ""company_code"", ""imported_at"", ""updated_at"", ""created_at"", ""id"" from ""AwsDataCatalog"".""datalake-prod"".""erp_gold_view_daily_logistics_areas""",2024-04-12T08:00:05.221+02:00,SUCCEEDED,1.291 sec,20.06 MB,Athena engine version 3,
b886b212-1e53-4661-b425-9b834571d4cc,SHOW SCHEMAS,2024-04-12T08:00:04.354+02:00,SUCCEEDED,399 ms,0 MB,Athena engine version 3,
81eb03b4-dc50-409a-a550-eb4778f8d539,"select ""id"", ""po_item_id"", ""po_id"", ""ods_id"", ""ods_country"", ""ods_item_id"", ""product_needed"", ""shipped_product"", ""location_id"", ""buyer"", ""quantity"", ""equivalence"", ""created_at"", ""ship_to_country"", ""asset_bfr"", ""produit_equiv"", ""stock_on_hand"", ""stock_dispo_bfr"", ""stock_dispo_country"", ""last_putaway_date"", ""color"" from ""AwsDataCatalog"".""datalake-prod"".""erp_bronze_view_daily_worst_order""",2024-04-12T07:45:01.659+02:00,SUCCEEDED,23.957 sec,23.69 GB,Athena engine version 3,
0daa39f1-4d39-439d-a469-5dc0ca20449e,"select ""id"", ""ods_id"", ""contract_id"", ""asset_id"", ""reference_product_id"", ""client_id"", ""service_performer"", ""shipto_countrycode"", ""employee_id"", ""sla"", ""escalation_date"", ""edi_update_date"", ""created_at"", ""updated_at"", ""imported_at"", ""ods_item_id"", ""product_id"", ""departure_shop_id"", ""quantity"", ""postal_code"" from ""AwsDataCatalog"".""datalake-prod"".""erp_gold_view_daily_ods_ods_items""",2024-04-12T07:38:01.525+02:00,SUCCEEDED,9.337 sec,4.00 GB,Athena engine version 3,
984e7860-e984-4bea-982d-5f68d4d5e6c0,"select ""contract_id"", ""asset_id"", ""asset_region_sc"", ""bom_id"", ""product_id"", ""quantity"", ""creation_date"", ""imported_at"" from ""AwsDataCatalog"".""datalake-prod"".""erp_gold_view_daily_extract_bom_pierre""",2024-04-12T07:30:02.785+02:00,SUCCEEDED,23.997 sec,5.91 GB,Athena engine version 3,
f37117ef-2007-40d1-8cde-b6341855382f,EXECUTE stmt11833059991 USING cast('001_IP02-WHS_001-EVX' as CHAR(20)),2024-04-12T07:08:03.554+02:00,SUCCEEDED,1.366 sec,20.06 MB,Athena engine version 3,
10b4b71f-03e4-476d-9800-8ca0d1a390c1,"SELECT * FROM (select ""imported_at"", ""updated_at"", ""created_at"", ""id"", ""locations_id"" from ""AwsDataCatalog"".""datalake-prod"".""erp_gold_view_daily_logistics_areas"" WHERE ((""id"" <>  NULL )) ) T LIMIT 0",2024-04-12T07:08:02.690+02:00,SUCCEEDED,481 ms,0 MB,Athena engine version 3,
5ceee729-a332-4732-a4d7-76c2db78327a,SHOW SCHEMAS,2024-04-12T07:08:01.761+02:00,SUCCEEDED,327 ms,0 MB,Athena engine version 3,
2046a166-3626-449e-a403-c610ff4f2db8,SELECT * FROM sf_ad_gold_view_synchro_email_signature_technogroup_users,2024-04-12T07:01:08.398+02:00,SUCCEEDED,2.804 sec,45.87 MB,Athena engine version 3,
eb2abb3d-ca2f-411b-aa35-85488fc9f06a,SELECT * FROM sf_ad_gold_view_synchro_email_signature_evernex_users,2024-04-12T07:00:58.850+02:00,SUCCEEDED,3.692 sec,45.87 MB,Athena engine version 3,
17b57e81-01fb-423b-959f-74c6065ad361,"select ""master_product"", ""child_product"", ""coef"", ""updated_date"", ""created_date"" from ""AwsDataCatalog"".""datalake-prod"".""erp_gold_view_daily_products_equivalences""",2024-04-12T07:00:54.436+02:00,SUCCEEDED,5.092 sec,420.25 MB,Athena engine version 3,
6870d189-dfde-4a07-814c-4d70c3b0e4cb,SHOW SCHEMAS,2024-04-12T07:00:53.548+02:00,SUCCEEDED,363 ms,0 MB,Athena engine version 3,
32e18561-e953-4800-ab3a-76ba214e5cfa,SELECT count(*) FROM sf_ad_gold_view_synchro_email_signature_evernex_users,2024-04-12T07:00:49.258+02:00,SUCCEEDED,3.787 sec,45.87 MB,Athena engine version 3,
a26f3a3a-3d5a-476a-a2ec-01e2a12fe45d,"select ""id"", ""master_product"", ""child_product"", ""ratio"", ""brand_child"", ""description_child"", ""sap_tomaterial"", ""sap_tomaterialchild"", ""coef"", ""imported_at"", ""updated_at"", ""created_at"" from ""AwsDataCatalog"".""datalake-prod"".""erp_gold_view_daily_equivalences""",2024-04-12T07:00:35.821+02:00,SUCCEEDED,3.589 sec,142.79 MB,Athena engine version 3,
411a9f29-37a4-4851-8142-26cf682b4839,SHOW SCHEMAS,2024-04-12T07:00:34.873+02:00,SUCCEEDED,373 ms,0 MB,Athena engine version 3,
7c80608d-2506-43c8-919c-fb977e8b6d46,"select ""ods_id"", ""contract_id"", ""client_name"", ""asset_id"", ""ods_created_at"", ""ods_updated_at"", ""ods_item_id"", ""ods_product_id"", ""departure_shop_id"", ""shipto_countrycode"", ""quantity"", ""storage_location"", ""asset_region_sc"", ""bom_product"", ""child_id"", ""imported_at"" from ""AwsDataCatalog"".""datalake-prod"".""erp_gold_view_daily_implementation_performance_vip""",2024-04-12T07:00:29.967+02:00,SUCCEEDED,20.361 sec,7.69 GB,Athena engine version 3,
efcce5c4-afc7-42d8-b667-5b75830d1b3e,"select ""id"", ""po_id"", ""purchasing_unit_id"", ""total_net_amount"", ""total_net_amount_currency_code"", ""total_tax_amount"", ""total_tax_amount_currency_code"", ""total_gross_amount"", ""total_gross_amount_currency_code"", ""items_id"", ""product_id"", ""ods_id"", ""location_id"", ""ordered_date"", ""updated_at"", ""created_at"", ""imported_at"", ""quantity"" from ""AwsDataCatalog"".""datalake-prod"".""erp_gold_view_daily_purchase_order_purchase_order_item""",2024-04-12T07:00:15.569+02:00,SUCCEEDED,6.484 sec,437.16 MB,Athena engine version 3,
68136d64-e729-41ff-b99f-600061f2dac6,"select ""id"", ""po_id"", ""ods_id"", ""ods_item_id"", ""product_needed"", ""shipped_product"", ""location_id"", ""buyer"", ""quantity"", ""equivalence"", ""created_at"", ""ship_to_country"", ""asset_bfr"", ""produit_equiv"", ""stock_on_hand"", ""stock_dispo_bfr"", ""last_putaway_date"", ""color"" from ""AwsDataCatalog"".""datalake-prod"".""erp_bronze_view_daily_worst_order""",2024-04-12T07:00:15.128+02:00,SUCCEEDED,21.822 sec,23.69 GB,Athena engine version 3,
d6812a61-f3f5-4b65-bac5-1c1ac68595aa,SHOW SCHEMAS,2024-04-12T07:00:14.709+02:00,SUCCEEDED,404 ms,0 MB,Athena engine version 3,
59c9055e-f101-4662-a629-1fa9ba800560,SHOW SCHEMAS,2024-04-12T07:00:14.585+02:00,SUCCEEDED,321 ms,0 MB,Athena engine version 3,
0a2d41dc-9dea-4bb6-aed2-90326e1de515,"select ""id"", ""updated_at"", ""created_at"", ""imported_at"" from ""AwsDataCatalog"".""datalake-prod"".""erp_gold_view_daily_locations""",2024-04-12T07:00:09.117+02:00,SUCCEEDED,1.415 sec,1.67 MB,Athena engine version 3,
3049e429-cd08-4fcf-bec8-a64ac08aa09e,SHOW SCHEMAS,2024-04-12T07:00:08.250+02:00,SUCCEEDED,396 ms,0 MB,Athena engine version 3,
4916a128-53cc-40d0-b3c0-97830e2b38eb,"select ""id"", ""po_id"", ""purchasing_unit_id"", ""total_net_amount"", ""total_net_amount_currency_code"", ""total_tax_amount"", ""total_tax_amount_currency_code"", ""total_gross_amount"", ""total_gross_amount_currency_code"", ""items_id"", ""product_id"", ""ods_id"", ""location_id"", ""ordered_date"", ""updated_at"", ""created_at"", ""imported_at"", ""quantity"" from ""AwsDataCatalog"".""datalake-prod"".""erp_gold_view_daily_purchase_order_purchase_order_item""",2024-04-12T07:00:07.188+02:00,SUCCEEDED,6.617 sec,437.16 MB,Athena engine version 3,
c524cafa-9b79-494a-b5d7-5cf8bda5007f,SHOW SCHEMAS,2024-04-12T07:00:06.311+02:00,SUCCEEDED,354 ms,0 MB,Athena engine version 3,
e18996af-07cb-4726-9d4b-931a17d93edf,SELECT * FROM sf_sfdc_synchro_view,2024-04-12T06:45:53.648+02:00,SUCCEEDED,4.216 sec,45.87 MB,Athena engine version 3,
b5c3063c-3e25-4074-9a28-f739486c0b2b,SELECT count(*) FROM sf_sfdc_synchro_view,2024-04-12T06:45:47.087+02:00,SUCCEEDED,2.727 sec,45.87 MB,Athena engine version 3,
1444b020-2f00-4b8f-bdb0-b7d1d3b50051,"select ""id"", ""location_id"", ""name"", ""parent_location_id"", ""ibp_relevant"", ""company_code"", ""lifecycle_status"", ""lat"", ""long"", ""inventory_type"", ""updated_at"", ""created_at"", ""region_sc"", ""region_ops"", ""region_finance"", ""en-name"", ""code_iso2"", ""imported_at"" from ""AwsDataCatalog"".""datalake-prod"".""erp_gold_view_daily_locations""",2024-04-12T06:30:16.875+02:00,SUCCEEDED,938 ms,1.67 MB,Athena engine version 3,
73131ca5-7eda-4118-889c-38c049cede3c,"select ""id"", ""location_id"", ""name"", ""parent_location_id"", ""ibp_relevant"", ""company_code"", ""lifecycle_status"", ""lat"", ""long"", ""inventory_type"", ""updated_at"", ""created_at"", ""region_sc"", ""region_ops"", ""region_finance"", ""en-name"", ""code_iso2"", ""imported_at"" from ""AwsDataCatalog"".""datalake-prod"".""erp_gold_view_daily_locations""",2024-04-12T06:30:01.775+02:00,SUCCEEDED,1.082 sec,1.67 MB,Athena engine version 3,
b26cac70-8555-420d-a459-f5859835ba21,"select ""sla"" from ""AwsDataCatalog"".""datalake-prod"".""erp_gold_view_daily_sla""",2024-04-12T06:30:01.764+02:00,SUCCEEDED,4.375 sec,4.31 GB,Athena engine version 3,
83bbb97e-cfb1-49c4-bc4c-fcaad5f9957c,SELECT * FROM erp_gold_view_brockerbin_repatriated_stocks,2024-04-12T06:15:36.991+02:00,SUCCEEDED,8.629 sec,1.67 GB,Athena engine version 3,
abed0bcf-6562-43e2-ad8a-8c0539472259,SELECT * FROM erp_gold_view_brockerbin_standard_stocks,2024-04-12T06:15:19.987+02:00,SUCCEEDED,9.329 sec,1.67 GB,Athena engine version 3,
7e19f81e-12a0-402b-9350-cb39aae4d39b,"select ""id"", ""name"", ""type"", ""status"", ""classification"", ""blocked"", ""blocking_reason"", ""transaction_document_blocked"", ""street"", ""postal_code"", ""city"", ""country"", ""id4d"", ""id_cegig"", ""id_salesforce"", ""rebates2022"", ""rebates_rate"", ""uuid"" from ""AwsDataCatalog"".""datalake-prod"".""erp_gold_view_daily_customers""",2024-04-12T06:11:02.454+02:00,SUCCEEDED,1.345 sec,13.28 MB,Athena engine version 3,
f2134121-afb3-432b-89c7-2e1e1320a104,SHOW SCHEMAS,2024-04-12T06:11:01.563+02:00,SUCCEEDED,352 ms,0 MB,Athena engine version 3,
0279a08f-af6f-4362-be7e-e5908216c7d1,"select ""id"", ""name"", ""brand"", ""product_category_technical_name"", ""priority"" from ""AwsDataCatalog"".""datalake-prod"".""erp_gold_view_daily_products""",2024-04-12T06:05:02.415+02:00,SUCCEEDED,4.011 sec,277.45 MB,Athena engine version 3,
4efd819b-4cba-4633-8bad-471cc0836373,"select ""id"", ""ods_id"", ""contract_id"", ""asset_id"", ""reference_product_id"", ""client_id"", ""service_performer"", ""shipto_countrycode"", ""employee_id"", ""sla"", ""escalation_date"", ""edi_update_date"", ""created_at"", ""updated_at"", ""imported_at"", ""ods_item_id"", ""product_id"", ""departure_shop_id"", ""quantity"", ""postal_code"" from ""AwsDataCatalog"".""datalake-prod"".""erp_gold_view_daily_ods_ods_items""",2024-04-12T06:00:30.947+02:00,SUCCEEDED,8.676 sec,4.00 GB,Athena engine version 3,
548eb988-007a-42f4-8732-0ef6d11a363e,SHOW SCHEMAS,2024-04-12T06:00:30.059+02:00,SUCCEEDED,391 ms,0 MB,Athena engine version 3,
659c276a-73cc-4fe3-bb81-88ea873a1ac0,EXECUTE stmt13346188211 USING cast('Partial' as CHAR(7)),2024-04-12T06:00:11.811+02:00,SUCCEEDED,20.917 sec,5.91 GB,Athena engine version 3,
4ba4aebb-b58f-48a9-871d-b8564c215bcc,"select ""identified_stock_id"", ""stock_type_id"", ""location_id"", ""logistics_area_id"", ""product_id"", ""price"", ""currency_code"", ""price_location"", ""unrestricted_stock"", ""company_code"", ""last_count_date"", ""last_pick_up_date"", ""last_put_away_date"", ""imported_at"" from ""AwsDataCatalog"".""datalake-prod"".""erp_gold_daily_repatriation_stocks""",2024-04-12T06:00:11.607+02:00,FAILED,3.039 sec,0 MB,Athena engine version 3,
7ff2d34c-e4ba-4b5f-bf7e-32a1396637ed,"select ""id"", ""formated_name"", ""sorting_name"", ""lifecycle_status"", ""city_name"", ""region_code"", ""region_name"", ""country"", ""code_iso2"", ""sc_region"", ""ops_region"", ""finance_region"" from ""AwsDataCatalog"".""datalake-prod"".""erp_gold_view_daily_suppliers""",2024-04-12T06:00:11.550+02:00,SUCCEEDED,994 ms,4.30 MB,Athena engine version 3,
e6838ea1-f864-449a-89e2-ad4990131c7a,SHOW SCHEMAS,2024-04-12T06:00:10.733+02:00,SUCCEEDED,343 ms,0 MB,Athena engine version 3,
699b8eed-680f-4b99-8cc6-ca76bc131f1a,SHOW SCHEMAS,2024-04-12T06:00:10.673+02:00,SUCCEEDED,294 ms,0 MB,Athena engine version 3,
ea0c06bb-afd8-42e8-b139-ad7fcfed2de2,"select ""id"", ""item_id"", ""po_id"", ""product_id"", ""cancellation_status"", ""delivery_processing_status"", ""invoice_processing_status"", ""invoicing_status"", ""ordering_status"", ""confirmation_status"", ""delivery_status"", ""company_code"", ""currency_code"", ""total_net_amount"", ""quantity"", ""location_id"", ""ods_id"", ""created_at"", ""updated_at"", ""imported_at"" from ""AwsDataCatalog"".""datalake-prod"".""erp_gold_view_daily_purchase_orders_items""",2024-04-12T06:00:10.361+02:00,SUCCEEDED,5.69 sec,286.91 MB,Athena engine version 3,
8db6ab0b-cc6a-48e6-891e-b60ebe67c5a1,SHOW SCHEMAS,2024-04-12T06:00:09.456+02:00,SUCCEEDED,327 ms,0 MB,Athena engine version 3,
6f6830a0-f311-4e44-8871-1545f9c1ab81,"SELECT * FROM (select ""contract_id"", ""asset_id"", ""contract_start_date"", ""contract_end_date"", ""asset_start_date"", ""asset_end_date"", ""imported_at"", ""bom_id"", ""implementation_status"", ""storage_location"", ""sla"", ""lat"", ""long"", ""raw_address"", ""bom_product"", ""engineering_change_order"" from ""AwsDataCatalog"".""datalake-prod"".""erp_silver_daily_active_contracts_assets_countries_componants"" WHERE ((""implementation_status"" =  NULL )) ) T LIMIT 0",2024-04-12T06:00:09.004+02:00,SUCCEEDED,1.877 sec,0 MB,Athena engine version 3,
a43bc122-eb56-48d1-83a1-93e4a9ff897b,"select ""id"", ""delivery_request_id"", ""delivery_request_item_id"", ""odt_id"", ""odt_item_id"", ""type_code_text"", ""company_code"" from ""AwsDataCatalog"".""datalake-prod"".""erp_gold_view_daily_requested_deliveries_items""",2024-04-12T06:00:08.934+02:00,SUCCEEDED,3.787 sec,345.02 MB,Athena engine version 3,
f2a8b577-6e39-4ea4-be9d-ef55621eb255,SHOW SCHEMAS,2024-04-12T06:00:08.072+02:00,SUCCEEDED,341 ms,0 MB,Athena engine version 3,
43e16d98-478d-4404-9853-beae064e539f,SHOW SCHEMAS,2024-04-12T06:00:08.061+02:00,SUCCEEDED,319 ms,0 MB,Athena engine version 3,
5383c59e-1f9e-429a-92a4-99952870f3e7,"select ""id"", ""name"", ""brand"", ""product_category_technical_name"", ""updated_at"", ""created_at"", ""priority"", ""imported_at"", ""is_equiv"", ""description"", ""productcategoryhierarchy"", ""markcontent"", ""competitorproduct"", ""id4d1"", ""ibpplanningrequired"", ""hscode"", ""id4d"", ""productvaluationlevel"", ""identifiedstocktype"", ""serialidentifierassignmentprofile"" from ""AwsDataCatalog"".""datalake-prod"".""erp_gold_view_daily_products_spaas""",2024-04-12T06:00:07.407+02:00,SUCCEEDED,6.31 sec,277.45 MB,Athena engine version 3,
40953a9a-8c12-450e-851c-e6810ccb02d3,"select ""id_stock_identifie"", ""productid"", ""identifiedstockpartyid"", ""gestionnaire_de_confirmation"", ""zone_logistique"", ""site"", ""quantity"", ""date_creation"", ""imported_at"" from ""AwsDataCatalog"".""datalake-prod"".""erp_gold_view_entree_en_stock""",2024-04-12T05:36:37.608+02:00,SUCCEEDED,2.733 sec,782.79 MB,Athena engine version 3,
cfa1a781-1a84-4418-a469-26e84e0c319c,SHOW SCHEMAS,2024-04-12T05:36:37.067+02:00,SUCCEEDED,318 ms,0 MB,Athena engine version 3,
2dc497a3-9fb7-46fa-92ae-832b4ba1d8cb,"select ""id"", ""userid"", ""start_date"", ""paycompvalue"", ""paycomponent"", ""compensationfrequency"", ""compensationcurrencycode"", ""imported_at"" from ""AwsDataCatalog"".""datalake-prod"".""sf_view_daily_pay_component""",2024-04-12T05:35:01.269+02:00,SUCCEEDED,858 ms,0 MB,Athena engine version 3,
859106db-6a0c-4585-a074-76551fef5db0,"select ""id_stock_identifie"", ""productid"", ""identifiedstockpartyid"", ""gestionnaire_de_confirmation"", ""zone_logistique"", ""site"", ""quantity"", ""date_creation"", ""imported_at"" from ""AwsDataCatalog"".""datalake-prod"".""erp_gold_view_entree_en_stock""",2024-04-12T05:30:04.224+02:00,SUCCEEDED,3.071 sec,782.79 MB,Athena engine version 3,
9154bbf6-a612-49ab-8f25-2db7fd9e79bb,SHOW SCHEMAS,2024-04-12T05:30:03.326+02:00,SUCCEEDED,343 ms,0 MB,Athena engine version 3,
d066cde1-6b68-4bde-a23f-f9b057b12732,"select ""location_id"", ""product_id"", ""price"", ""price_location"", ""stock_on_hand"", ""imported_at"", ""logistics_area_id"" from ""AwsDataCatalog"".""datalake-prod"".""erp_gold_view_daily_stocks""",2024-04-12T05:30:02.311+02:00,SUCCEEDED,9.162 sec,1013.46 MB,Athena engine version 3,
845a8a57-848d-4686-9af2-9c2ec7c353eb,"select ""contract_id"", ""currency_code"" from ""AwsDataCatalog"".""datalake-prod"".""erp_gold_view_daily_contracts""",2024-04-12T05:22:05.877+02:00,SUCCEEDED,2.778 sec,140.01 MB,Athena engine version 3,
c58f61dc-f2a8-458a-aa49-aa0f252c1d7d,EXECUTE stmt12255993051 USING cast('001_IP02-WHS_001-EVX' as CHAR(20)),2024-04-12T05:00:33.697+02:00,SUCCEEDED,1.055 sec,20.06 MB,Athena engine version 3,
6f79e161-3fcc-4bc7-8f97-47e5df916dc6,"SELECT * FROM (select ""id"", ""locations_id"", ""imported_at"" from ""AwsDataCatalog"".""datalake-prod"".""erp_gold_view_daily_logistics_areas"" WHERE ((""id"" <>  NULL )) ) T LIMIT 0",2024-04-12T05:00:32.852+02:00,SUCCEEDED,523 ms,0 MB,Athena engine version 3,
bdd19363-7216-4fd1-910b-a1e4257a18bf,SHOW SCHEMAS,2024-04-12T05:00:31.950+02:00,SUCCEEDED,327 ms,0 MB,Athena engine version 3,
a081a759-8675-47aa-903a-caf10665ce92,"select ""id"", ""inbound_delivery_id"", ""cancellation_status"", ""consistency_status"", ""release_status"", ""creation_date"", ""lastchange_date"" from ""AwsDataCatalog"".""datalake-prod"".""erp_gold_view_daily_confirmed_inbound_delivery""",2024-04-12T05:00:29.957+02:00,SUCCEEDED,2.174 sec,166.99 MB,Athena engine version 3,
1aefae54-aaee-4b4b-8b24-6bda546bd405,"select ""id_commande_client"", ""reference_externe"", ""motifdannulation"", ""releasestatus"", ""costcenterid"", ""fulfillmentblockingreason"", ""serviceconfirmationcreationtxt"", ""creation_date"", ""imported_at"" from ""AwsDataCatalog"".""datalake-prod"".""erp_gold_view_daily_sales_order""",2024-04-12T05:00:25.432+02:00,SUCCEEDED,998 ms,22.13 MB,Athena engine version 3,
578f4555-9645-49e0-8be8-3fef4c1bdde0,SHOW SCHEMAS,2024-04-12T05:00:24.572+02:00,SUCCEEDED,390 ms,0 MB,Athena engine version 3,
a56ef92a-ac73-415e-a380-7244da33a3dd,"select ""product_id"", ""logistics_area_id"" from ""AwsDataCatalog"".""datalake-prod"".""erp_gold_view_daily_default_storage_areas""",2024-04-12T05:00:24.445+02:00,SUCCEEDED,1.509 sec,22.49 MB,Athena engine version 3,
b0846d1c-c03d-4203-b812-0aedb776134e,"select ""shipfrom_location"", ""id"", ""odt_id"", ""item_id"", ""odt_item_id"", ""shipfrom_site"", ""shipto_location"", ""shipto_site"", ""creator_name"", ""transactiondocumenttype"", ""confirmationstatus"", ""cancellationstatus"", ""logisticsexecutionblockingstatus"", ""logisticsexecutionprocessingstatus"", ""logisticsexecutionreleasestatus"", ""processingstatus"", ""product_id"", ""confirmed_quantity"", ""fulfilled_quantity"", ""requested_quantity"", ""planned_quentity"", ""imported_at"", ""created_at"", ""updated_at"" from ""AwsDataCatalog"".""datalake-prod"".""erp_gold_view_daily_odt_items""",2024-04-12T05:00:24.347+02:00,SUCCEEDED,6.958 sec,2.26 GB,Athena engine version 3,
f044e28e-1d98-447d-bf1d-d68285093514,SHOW SCHEMAS,2024-04-12T05:00:23.890+02:00,SUCCEEDED,312 ms,0 MB,Athena engine version 3,
0157abc7-d41c-4673-bf6d-86c1c534a5fb,SHOW SCHEMAS,2024-04-12T05:00:23.473+02:00,SUCCEEDED,295 ms,0 MB,Athena engine version 3,
74cc5fc5-1f8d-495c-bb24-e43cb6e0ffef,"select ""ods_id"", ""contract_id"", ""asset_id"", ""ods_created_at"", ""ods_updated_at"", ""ods_item_id"", ""ods_product_id"", ""departure_shop_id"", ""shipto_countrycode"", ""quantity"", ""quantity_asked"", ""storage_location"", ""bom_product"", ""child_id"", ""imported_at"", ""imple_status"" from ""AwsDataCatalog"".""datalake-prod"".""erp_gold_view_daily_implementation_performance""",2024-04-12T05:00:17.073+02:00,SUCCEEDED,17.056 sec,7.94 GB,Athena engine version 3,
68b06fac-e9c1-4b87-aba3-0c23caa301e3,EXECUTE stmt5754483741 USING cast('Stock Transfer' as CHAR(14)),2024-04-12T05:00:06.154+02:00,SUCCEEDED,2.04 sec,380.26 MB,Athena engine version 3,
9c3e4d1a-d12a-4d0f-bf5d-f49a83939753,"SELECT * FROM (select ""id"", ""delivery_id"", ""tracking_number"", ""cost_center_id"", ""delivery_type"", ""cancellation_status"", ""consistency_status"", ""delivery_status"", ""delivery_note_status"", ""release_status"", ""vendor_id"", ""freightforwarder_id"", ""shipto_id"", ""shipfrom_id"", ""lastchange_name"", ""creation_name"", ""creation_date"", ""imported_at"" from ""AwsDataCatalog"".""datalake-prod"".""erp_gold_view_daily_inbound_delivery"" WHERE ((""delivery_type"" =  NULL )) ) T LIMIT 0",2024-04-12T05:00:05.290+02:00,SUCCEEDED,526 ms,0 MB,Athena engine version 3,
a922499c-bfd0-40e2-9598-975e57313d14,SHOW SCHEMAS,2024-04-12T05:00:04.341+02:00,SUCCEEDED,370 ms,0 MB,Athena engine version 3,
a5edc3f4-16d1-4cbe-a733-bfbb0109911b,"select ""id"", ""odt_id"", ""item_id"", ""odt_item_id"", ""shipfrom_site"", ""shipfrom_location"", ""shipto_location"", ""shipto_site"", ""creator_name"", ""transactiondocumenttype"", ""confirmationstatus"", ""cancellationstatus"", ""logisticsexecutionblockingstatus"", ""logisticsexecutionprocessingstatus"", ""logisticsexecutionreleasestatus"", ""processingstatus"", ""product_id"", ""additional_instruction"", ""confirmed_quantity"", ""fulfilled_quantity"", ""requested_quantity"", ""planned_quentity"", ""imported_at"", ""created_at"", ""updated_at"", ""location_product_concat"", ""price"" from ""AwsDataCatalog"".""datalake-prod"".""erp_gold_view_daily_odt_items""",2024-04-12T04:30:03.599+02:00,SUCCEEDED,9.008 sec,2.26 GB,Athena engine version 3,
333b351b-72c2-4dec-8e46-36cd2b7ef419,SHOW SCHEMAS,2024-04-12T04:30:02.717+02:00,SUCCEEDED,383 ms,0 MB,Athena engine version 3,
58d25ce5-1f52-4bec-bb85-54f38df940c1,"select ""id"", ""business_partner_id"", ""employee_id"", ""formated_name"", ""sorting_name"", ""family_name"", ""first_name"", ""lifecycle_status"", ""gender"", ""nationality_iso2"", ""technical_name"", ""company_code"", ""updated_at"", ""created_at"", ""imported_at"" from ""AwsDataCatalog"".""datalake-prod"".""erp_gold_view_daily_employees""",2024-04-12T04:00:12.069+02:00,SUCCEEDED,863 ms,816.45 KB,Athena engine version 3,
099fbc4f-e4bf-441e-bdab-ac25e71bcb2e,"select ""id"", ""location_id"", ""name"", ""parent_location_id"", ""ibp_relevant"", ""company_code"", ""lifecycle_status"", ""inventory_type"", ""region_sc"", ""region_ops"", ""region_finance"", ""en-name"", ""code_iso2"" from ""AwsDataCatalog"".""datalake-prod"".""erp_gold_view_daily_locations""",2024-04-12T04:00:09.769+02:00,SUCCEEDED,1.216 sec,1.67 MB,Athena engine version 3,
9deb265a-6ce6-42d8-b2f7-eed04657bf12,SHOW SCHEMAS,2024-04-12T04:00:08.911+02:00,SUCCEEDED,339 ms,0 MB,Athena engine version 3,
b3e13b8d-db30-4c55-8b5e-0152a5c7757e,"select ""id"", ""return_to_supplier_id"", ""status"", ""employee"" from ""AwsDataCatalog"".""datalake-prod"".""erp_gold_view_daily_return_to_supplier_incremental_load""",2024-04-12T04:00:08.853+02:00,SUCCEEDED,1.24 sec,1.87 MB,Athena engine version 3,
b2172282-ef3e-4efc-8b36-3737410ce0bd,"select ""id"", ""item_id"", ""delivery_id"", ""delivery_item_id"", ""cancellation_status"", ""consistency_status"", ""release_status"", ""product_id"", ""quantity"", ""imported_at"", ""creation_date"" from ""AwsDataCatalog"".""datalake-prod"".""erp_gold_view_daily_inbound_delivery_item""",2024-04-12T04:00:08.851+02:00,SUCCEEDED,6.53 sec,858.13 MB,Athena engine version 3,
524ce009-f256-4f76-8b91-8218aa5f5833,SHOW SCHEMAS,2024-04-12T04:00:07.991+02:00,SUCCEEDED,361 ms,0 MB,Athena engine version 3,
1dfa521c-7c6e-4d97-b5af-1f8203d0b7f0,"select ""internalid"", ""description"", ""parent_internalid"", ""imported_at"", ""company_code"" from ""AwsDataCatalog"".""datalake-prod"".""erp_gold_view_daily_product_category""",2024-04-12T04:00:06.653+02:00,SUCCEEDED,1.052 sec,132.24 KB,Athena engine version 3,
edc8ee75-0568-4921-b711-629aa61d4cc7,"select ""id"", ""contract_id"", ""description"", ""start_date"", ""end_date"", ""creation_date"", ""last_update_date"", ""salesforce_opportunity_id"", ""implementation_status"", ""monthly_check"", ""renew"", ""exept_cut_off"", ""internal_reference"", ""4d_id"", ""renewed_contract_id"", ""service_level_code"", ""employee_responsible"", ""contract_administrator"", ""sales_unit"", ""sales_organisation"", ""distribution_channel"", ""hub_description"", ""hub_email"", ""hub_phone"", ""typology"", ""client_id"", ""cancelation_status"", ""lifecycle_status"", ""processing_status"", ""release_status"", ""validity_status"", ""approval_status"", ""client_name"", ""company_code"", ""target_amount"", ""currency_code"" from ""AwsDataCatalog"".""datalake-prod"".""erp_gold_view_daily_contracts""",2024-04-12T04:00:04.784+02:00,SUCCEEDED,3.662 sec,140.01 MB,Athena engine version 3,
a9aeec21-ce8c-45d1-a9e9-89a39d0247a9,"select ""id"", ""master_product"", ""child_product"", ""ratio"", ""brand_child"", ""description_child"", ""sap_tomaterial"", ""sap_tomaterialchild"", ""coef"", ""imported_at"", ""updated_at"", ""created_at"" from ""AwsDataCatalog"".""datalake-prod"".""erp_gold_view_daily_equivalences""",2024-04-12T04:00:04.768+02:00,SUCCEEDED,3.087 sec,142.79 MB,Athena engine version 3,
0b942dfa-dbfd-46e2-8d96-639a7cd8e00e,"select ""id"", ""identified_stock_id"", ""external_id"", ""life_cycle_status"", ""firmware_version"", ""test_file_url"", ""os_name"", ""origine_country"", ""test_performed"", ""test_report"", ""product_id"", ""company_code"" from ""AwsDataCatalog"".""datalake-prod"".""erp_gold_view_daily_identified_stocks_incremental_load""",2024-04-12T03:50:01.508+02:00,SUCCEEDED,3.37 sec,573.48 MB,Athena engine version 3,
42a047fd-dc94-461d-a0ce-780787f5e425,"select ""id"", ""ods_id"", ""ods_object"", ""contract_id"", ""asset_id"", ""reference_product_id"", ""serial_id"", ""client_id"", ""external_reference"", ""service_category"", ""priority"", ""closing_reason"", ""sla"", ""salesforce_id"", ""escalation"", ""escalation_reason"", ""escalation_comment"", ""edi_status"", ""klairy_order_id"", ""execution_block"", ""service_execution_team"", ""service_performer"", ""processor"", ""hub_description"", ""hub_phone"", ""hub_mail"", ""cost_center"", ""shipto_countrycode"", ""shipto_cityname"", ""consistency_status"", ""blocking_status"", ""payment_authorization_status"", ""invoicing_blocking_status"", ""release_status"", ""employee_id"", ""id4d"", ""idcegid"", ""vendor_id"", ""ship_to_country"", ""ship_to_sc_region"", ""ship_to_ops_region"", ""ship_to_finance_region"", ""service_performer_name"" from ""AwsDataCatalog"".""datalake-prod"".""erp_gold_view_daily_ods_incremental_load""",2024-04-12T03:48:01.617+02:00,SUCCEEDED,3.86 sec,428.76 MB,Athena engine version 3,
b1201a39-9e42-48e2-8811-77f768980c4a,"select ""contract_id"", ""asset_id"", ""contract_start_date"", ""contract_end_date"", ""asset_start_date"", ""asset_end_date"", ""asset_storage_location"", ""contract_service_level_code"", ""sla"", ""coverage_sla"", ""implementation_status"", ""time_sla"", ""cat_sla"", ""service_type"", ""reference_product_id"", ""bom_id"", ""lat"", ""long"", ""raw_address"", ""company_code"", ""imported_at"" from ""AwsDataCatalog"".""datalake-prod"".""erp_gold_view_daily_active_contracts_assets_countries""",2024-04-12T03:43:01.627+02:00,SUCCEEDED,11.865 sec,4.31 GB,Athena engine version 3,
efa607ea-7044-4968-a438-9bdea216dc74,"select ""service_type"" from ""AwsDataCatalog"".""datalake-prod"".""erp_gold_view_daily_asset_service_type""",2024-04-12T03:40:01.455+02:00,SUCCEEDED,2.477 sec,1.55 GB,Athena engine version 3,
35d359f9-b187-4b31-93a5-d4fe9ea443c1,"SELECT DISTINCT (purchasing_unit_id)
FROM ""datalake-prod"".""erp_gold_view_daily_purchase_orders""",2024-04-12T03:39:02.769+02:00,SUCCEEDED,2.368 sec,150.25 MB,Athena engine version 3,
91bc5d8b-05d7-4fbd-961f-d2babd467775,SHOW SCHEMAS,2024-04-12T03:39:01.899+02:00,SUCCEEDED,353 ms,0 MB,Athena engine version 3,
598162af-2a02-4318-8f59-833f9ea07e7f,"select ""id"", ""ods_id"", ""item_id"", ""ods_item_id"", ""product_descr"", ""product_id"", ""asked_product_descr"", ""cost_center"", ""ship_from"", ""departure_shop_id"", ""departure_shop_desc"", ""additional_instructions"", ""product_replacement"", ""item_type"", ""type"", ""uuid"", ""buyer_id"", ""vendor_id"", ""equivalent_authorized"", ""quantity"", ""cancellation_status"", ""consistency_status"", ""status"", ""service_status"", ""delivery_status"", ""invoice_status"", ""product_availability_status"", ""imported_at"", ""description"", ""priority"" from ""AwsDataCatalog"".""datalake-prod"".""erp_gold_view_daily_ods_items_description""",2024-04-12T03:36:01.378+02:00,SUCCEEDED,5.794 sec,539.69 MB,Athena engine version 3,
a9834bf8-ad47-47b6-a50a-4d3692085d22,"select ""id"", ""location_id"", ""name"", ""parent_location_id"", ""ibp_relevant"", ""company_code"", ""street_name"", ""streetname_2"", ""houseadresse"", ""streetname_3"", ""streetname_4"", ""postal_code"", ""city_name"", ""street_name_additional"", ""lifecycle_status"", ""lat"", ""long"", ""inventory_type"", ""updated_at"", ""created_at"", ""region_sc"", ""region_ops"", ""region_finance"", ""en-name"", ""code_iso2"", ""imported_at"" from ""AwsDataCatalog"".""datalake-prod"".""erp_gold_view_daily_locations""",2024-04-12T03:35:03.416+02:00,SUCCEEDED,1.161 sec,1.67 MB,Athena engine version 3,
b2fbfcb9-8525-47f0-b570-76225e0a3c76,SHOW SCHEMAS,2024-04-12T03:35:02.554+02:00,SUCCEEDED,329 ms,0 MB,Athena engine version 3,
4b843633-c946-4326-a3d0-bf1b09ed8757,"select ""location_id"", ""name"", ""parent_location_id"", ""ibp_relevant"", ""lifecycle_status"", ""inventory_type"", ""region_sc"", ""en-name"", ""code_iso2"" from ""AwsDataCatalog"".""datalake-prod"".""erp_gold_view_daily_locations""",2024-04-12T03:34:01.355+02:00,SUCCEEDED,1.313 sec,1.67 MB,Athena engine version 3,
0368ef77-2149-4b47-8c19-7982940b5bcb,"select ""time_sla"" from ""AwsDataCatalog"".""datalake-prod"".""erp_gold_view_daily_time_sla""",2024-04-12T03:30:04.004+02:00,SUCCEEDED,2.572 sec,1.55 GB,Athena engine version 3,
6e6feb7c-0bee-4f4a-9240-32d29c828971,"select ""location_id"", ""product_id"", ""currency_code"" from ""AwsDataCatalog"".""datalake-prod"".""erp_gold_view_daily_product_prices_incremental_load""",2024-04-12T03:30:03.751+02:00,SUCCEEDED,2.429 sec,879.84 MB,Athena engine version 3,
160772ba-537a-4da8-8d4d-1e50beb81cdc,"select ""id"", ""name"", ""brand"", ""product_category_technical_name"", ""updated_at"", ""created_at"", ""priority"", ""imported_at"", ""is_equiv"", ""description"" from ""AwsDataCatalog"".""datalake-prod"".""erp_gold_view_daily_products""",2024-04-12T03:30:03.731+02:00,SUCCEEDED,3.88 sec,277.45 MB,Athena engine version 3,
51f6ad04-bde3-4336-b94f-8386ca63063d,SHOW SCHEMAS,2024-04-12T03:30:03.127+02:00,SUCCEEDED,335 ms,0 MB,Athena engine version 3,
d79166b4-d38a-41f2-9c8c-7369ff57bbab,SHOW SCHEMAS,2024-04-12T03:30:02.888+02:00,SUCCEEDED,400 ms,0 MB,Athena engine version 3,
efb822ea-1138-4c79-add7-81dc21d2d191,SHOW SCHEMAS,2024-04-12T03:30:02.869+02:00,SUCCEEDED,378 ms,0 MB,Athena engine version 3,
4bc2e298-aa9a-49db-9d8d-a7a8aa9760f8,"select ""child_product"" from ""AwsDataCatalog"".""datalake-prod"".""erp_gold_view_daily_equivalences""",2024-04-12T03:30:02.159+02:00,SUCCEEDED,1.858 sec,142.79 MB,Athena engine version 3,
21099e3d-e0ed-430e-9086-808ed761a52f,"select ""id"", ""item_id"", ""return_to_supplier_id"", ""cancellation_status"", ""delivery_processing_status"", ""rejection_status"", ""product_id"" from ""AwsDataCatalog"".""datalake-prod"".""erp_gold_view_daily_return_to_supplier_item_incremental_load""",2024-04-12T03:12:01.600+02:00,SUCCEEDED,1.158 sec,2.78 MB,Athena engine version 3,
784192fd-70e4-4b64-ad1b-704a0230affc,"select ""id"", ""contract_id"", ""description"", ""start_date"", ""end_date"", ""creation_date"", ""last_update_date"", ""salesforce_opportunity_id"", ""implementation_status"", ""monthly_check"", ""renew"", ""exept_cut_off"", ""internal_reference"", ""4d_id"", ""renewed_contract_id"", ""service_level_code"", ""employee_responsible"", ""contract_administrator"", ""sales_unit"", ""sales_organisation"", ""distribution_channel"", ""hub_description"", ""hub_email"", ""hub_phone"", ""typology"", ""client_id"", ""external_reference"", ""cancelation_status"", ""lifecycle_status"", ""processing_status"", ""release_status"", ""validity_status"", ""approval_status"", ""objectid"", ""client_name"", ""invoicing_term"", ""invoicing_frequency"", ""company_code"", ""target_amount"", ""currency_code"", ""quote_number"", ""imported_at"" from ""AwsDataCatalog"".""datalake-prod"".""erp_gold_view_daily_contracts_incremental_load""",2024-04-12T03:00:49.603+02:00,SUCCEEDED,2.118 sec,140.01 MB,Athena engine version 3,
3187fb82-bf94-4aa3-91e6-6e5c61363cbd,SHOW SCHEMAS,2024-04-12T03:00:48.745+02:00,SUCCEEDED,315 ms,0 MB,Athena engine version 3,
6dbe8d26-fc3a-4b45-9c50-36e886f439c2,EXECUTE stmt12892574351 USING cast('001_IP02-WHS_001-EVX' as CHAR(20)),2024-04-12T03:00:42.681+02:00,SUCCEEDED,1.294 sec,20.06 MB,Athena engine version 3,
44a1be51-2c9f-47cf-be40-23611042c736,"SELECT * FROM (select ""id"", ""logistic_area_id"", ""name"", ""lifecycle_status"", ""locations_id"", ""company_code"" from ""AwsDataCatalog"".""datalake-prod"".""erp_gold_view_daily_logistics_areas"" WHERE ((""id"" <>  NULL )) ) T LIMIT 0",2024-04-12T03:00:41.816+02:00,SUCCEEDED,455 ms,0 MB,Athena engine version 3,
d7696c92-e358-46b3-8467-b347657f5f90,"select ""master_product_id"", ""is_equiv"", ""ratio"", ""coef"", ""identified_stock_id"", ""stock_type_id"", ""location_id"", ""logistics_area_id"", ""product_id"", ""price"", ""currency_code"", ""price_location"", ""stock_on_hand"", ""inspected"", ""restricted"", ""company_code"", ""last_count_date"", ""last_pickup_date"", ""last_putaway_date"", ""imported_at"" from ""AwsDataCatalog"".""datalake-prod"".""erp_gold_view_daily_stocks_product_and_equivalences""",2024-04-12T03:00:29.290+02:00,SUCCEEDED,16.248 sec,1.40 GB,Athena engine version 3,
1d29c5e7-4709-4703-b3d1-f4722755d8da,"select ""id"", ""po_id"", ""approval_status"", ""cancellation_status"", ""consistency_status"", ""data_entry_processing_status"", ""delivery_processing_status"", ""invoice_processing_status"", ""invoicing_status"", ""ordering_status"", ""confirmation_status"", ""delivery_status"", ""lifecylcle_status"", ""company_code"", ""command_title"", ""purchasing_unit_id"", ""supplier_id"", ""supplier_name"", ""responsible_buyer_id"", ""responsible_buyer_name"", ""billed_society_id"", ""tracking_number"", ""freight_contract"", ""total_net_amount_currency_code"" from ""AwsDataCatalog"".""datalake-prod"".""erp_gold_view_daily_purchase_orders""",2024-04-12T03:00:27.488+02:00,SUCCEEDED,3.121 sec,150.25 MB,Athena engine version 3,
a677a8ac-dcb2-4d3c-8742-f447bf101a40,"select ""location_id"", ""name"", ""parent_location_id"", ""lifecycle_status"", ""inventory_type"", ""region_sc"", ""en-name"", ""code_iso2"" from ""AwsDataCatalog"".""datalake-prod"".""erp_gold_view_daily_locations""",2024-04-12T03:00:27.084+02:00,SUCCEEDED,974 ms,1.67 MB,Athena engine version 3,
8710e527-cf24-47d6-a271-8fa063c46fd0,"select ""id"", ""master_product"", ""child_product"", ""ratio"", ""brand_child"", ""description_child"", ""sap_tomaterial"", ""sap_tomaterialchild"", ""coef"", ""imported_at"", ""updated_at"", ""created_at"" from ""AwsDataCatalog"".""datalake-prod"".""erp_gold_view_daily_equivalences""",2024-04-12T03:00:16.898+02:00,SUCCEEDED,2.241 sec,142.79 MB,Athena engine version 3,
9b85e84a-3605-4775-9e94-e0008f914bc1,"select ""id"", ""asset_id"", ""description"", ""lifecycle_status"", ""bom_id"", ""firmware"", ""storage_location"", ""os"", ""implementation_status"", ""category"", ""brand"", ""serial_number"", ""uuid"", ""reference_product_id"", ""postal_code"", ""street_name"", ""city_name"", ""country_code_iso2"", ""raw_address"", ""creation_date"", ""last_update_date"", ""imported_at"", ""region_sc"", ""region_ops"", ""region_finance"", ""country_name"", ""asset_region_sc"", ""asset_region_ops"", ""asset_region_region_finance"" from ""AwsDataCatalog"".""datalake-prod"".""erp_gold_view_daily_assets_incremental_load""",2024-04-12T03:00:16.284+02:00,SUCCEEDED,3.309 sec,2.63 GB,Athena engine version 3,
7cf9178f-a869-4da4-a5a2-3d0337001f70,SHOW SCHEMAS,2024-04-12T03:00:16.007+02:00,SUCCEEDED,366 ms,0 MB,Athena engine version 3,
ef7ba8b6-a148-464b-8cae-a9a89133cfa1,SHOW SCHEMAS,2024-04-12T03:00:15.418+02:00,SUCCEEDED,347 ms,0 MB,Athena engine version 3,
967e7766-40ad-42e8-b28b-04d0718f446c,"select ""coverage_sla"" from ""AwsDataCatalog"".""datalake-prod"".""erp_gold_view_daily_coverage_sla""",2024-04-12T03:00:13.744+02:00,SUCCEEDED,2.257 sec,1.55 GB,Athena engine version 3,
012d56fd-6067-41a5-b321-27bc3101bc00,SHOW SCHEMAS,2024-04-12T03:00:12.858+02:00,SUCCEEDED,307 ms,0 MB,Athena engine version 3,
a40063aa-b725-4243-b9c3-284a3ac09a98,"select ""id"", ""po_id"", ""approval_status"", ""cancellation_status"", ""consistency_status"", ""data_entry_processing_status"", ""delivery_processing_status"", ""invoice_processing_status"", ""invoicing_status"", ""ordering_status"", ""confirmation_status"", ""delivery_status"", ""lifecylcle_status"", ""company_code"", ""command_title"", ""purchasing_unit_id"", ""supplier_id"", ""supplier_name"", ""responsible_buyer_id"", ""responsible_buyer_name"", ""billed_society_id"", ""tracking_number"", ""freight_contract"", ""total_net_amount"", ""total_net_amount_currency_code"", ""total_tax_amount"", ""total_tax_amount_currency_code"", ""total_gross_amount"", ""total_gross_amount_currency_code"", ""reception_id"", ""ordered_date"", ""updated_at"", ""created_at"", ""imported_at"" from ""AwsDataCatalog"".""datalake-prod"".""erp_gold_view_daily_purchase_orders""",2024-04-12T03:00:10.933+02:00,SUCCEEDED,4.45 sec,150.25 MB,Athena engine version 3,
11368f5a-82f9-400b-8158-120ca3699b34,"select ""id"", ""delivery_id"", ""delivery_item_id"", ""product_id"", ""consistency_status"", ""cancellation_status"", ""origin_country_id"", ""departure_shop"", ""departure_shop_desc"", ""additionnal_instructions"", ""company_code"" from ""AwsDataCatalog"".""datalake-prod"".""erp_gold_view_daily_deliveries_items""",2024-04-12T03:00:10.570+02:00,SUCCEEDED,8.336 sec,2.25 GB,Athena engine version 3,
dd93a650-300a-4d75-bdbf-dd5d9c39b97a,"select ""physical_inventory_count_id"", ""id"", ""location_id"", ""counting_method_type"", ""processing_status"" from ""AwsDataCatalog"".""datalake-prod"".""erp_gold_daily_physical_inventory_count_incremental_load""",2024-04-12T03:00:10.064+02:00,SUCCEEDED,1.316 sec,5.68 MB,Athena engine version 3,
ee761917-85d1-43c2-9c75-485d12b35b9c,SHOW SCHEMAS,2024-04-12T03:00:10.058+02:00,SUCCEEDED,322 ms,0 MB,Athena engine version 3,
90e1e97d-b1ff-4860-840c-8b30b32a0782,SHOW SCHEMAS,2024-04-12T03:00:09.672+02:00,SUCCEEDED,326 ms,0 MB,Athena engine version 3,
9575f7b0-cb73-472a-ac65-2ee2e0f68f65,SHOW SCHEMAS,2024-04-12T03:00:09.201+02:00,SUCCEEDED,343 ms,0 MB,Athena engine version 3,
55f70dc2-9079-484a-938f-7c5cf7e737ca,"select ""cat_sla"" from ""AwsDataCatalog"".""datalake-prod"".""erp_gold_view_daily_cat_sla""",2024-04-12T03:00:08.201+02:00,SUCCEEDED,2.833 sec,1.55 GB,Athena engine version 3,
ca75f6a7-d7ac-4336-8b4a-b83bcdab41fb,SHOW SCHEMAS,2024-04-12T03:00:07.225+02:00,SUCCEEDED,431 ms,0 MB,Athena engine version 3,
a3ec958e-3e5d-4716-87ed-c9265d1ba366,"select ""id"", ""name"", ""brand"", ""product_category_technical_name"", ""updated_at"", ""created_at"", ""priority"", ""imported_at"", ""is_equiv"", ""description"" from ""AwsDataCatalog"".""datalake-prod"".""erp_gold_view_daily_products""",2024-04-12T01:20:03.600+02:00,SUCCEEDED,4.442 sec,277.43 MB,Athena engine version 3,
addf6a4d-68c9-4db6-b11a-e0a8a77da151,SHOW SCHEMAS,2024-04-12T01:20:02.684+02:00,SUCCEEDED,411 ms,0 MB,Athena engine version 3,
d419177f-3188-4b6d-b093-64e5cdcd8dbd,"select ""urgence"", ""sla"" from ""AwsDataCatalog"".""datalake-prod"".""erp_gold_view_daily_sla_urgence""",2024-04-12T01:00:09.100+02:00,SUCCEEDED,6.237 sec,4.31 GB,Athena engine version 3,
fab22063-538e-45d1-ac0a-a9c86c6c3012,SHOW SCHEMAS,2024-04-12T01:00:08.191+02:00,SUCCEEDED,362 ms,0 MB,Athena engine version 3,
ae198e3e-efbe-4f0c-89bd-564713d19952,"EXECUTE stmt5500617375 USING cast('2018' as CHAR(4)), cast('2017' as CHAR(4)), cast('2016' as CHAR(4)), cast('2015' as CHAR(4)), cast('2014' as CHAR(4)), cast('2009' as CHAR(4)), cast('2002' as CHAR(4))",2024-04-11T22:50:12.295+02:00,SUCCEEDED,3.488 sec,1.68 GB,Athena engine version 3,
52baf7a6-3eb5-416c-9636-cfa52a6e5b6b,"SELECT * FROM (select ""contract_id"", ""asset_id"", ""contract_start_date"", ""contract_end_date"", ""renewed_contract_id"" from ""AwsDataCatalog"".""datalake-prod"".""erp_gold_view_daily_arion"" WHERE ((""created_year"" =  NULL  OR ""created_year"" =  NULL  OR ""created_year"" =  NULL  OR ""created_year"" =  NULL  OR ""created_year"" =  NULL  OR ""created_year"" =  NULL  OR ""created_year"" =  NULL )) ) T LIMIT 0",2024-04-11T22:50:10.742+02:00,SUCCEEDED,713 ms,0 MB,Athena engine version 3,
4bc68eb2-ad2e-459b-a702-a86e5febfd02,EXECUTE stmt5500617374 USING cast('2019' as CHAR(4)),2024-04-11T22:18:07.145+02:00,SUCCEEDED,2.99 sec,1.68 GB,Athena engine version 3,
b104758a-aacb-4619-9d0d-561a46282ad2,"SELECT * FROM (select ""contract_id"", ""asset_id"", ""contract_start_date"", ""contract_end_date"", ""renewed_contract_id"" from ""AwsDataCatalog"".""datalake-prod"".""erp_gold_view_daily_arion"" WHERE ((""created_year"" =  NULL )) ) T LIMIT 0",2024-04-11T22:18:05.602+02:00,SUCCEEDED,661 ms,0 MB,Athena engine version 3,
225a2435-f58f-44f3-98a0-be3a8d5d5aa2,"select ""contract_id"", ""contract_service_level_code"", ""asset_id"", ""contract_start_date"", ""contract_end_date"", ""asset_start_date"", ""asset_end_date"", ""imported_at"", ""relative_month"", ""storage_location"", ""sla"", ""coverage_sla"", ""time_sla"", ""cat_sla"", ""service_type"", ""reference_product_id"", ""implementation_status"", ""bom_id"", ""lat"", ""long"", ""raw_address"", ""company_code"", ""last_import"" from ""AwsDataCatalog"".""datalake-prod"".""erp_gold_view_monthly_active_contracts_assets_countries_decembre""",2024-04-11T21:42:43.750+02:00,SUCCEEDED,47.094 sec,90.45 GB,Athena engine version 3,
399dbc6b-548e-471f-9af3-89afe1e81515,SHOW SCHEMAS,2024-04-11T21:42:42.869+02:00,SUCCEEDED,411 ms,0 MB,Athena engine version 3,
e524002d-cb5a-4b8d-8873-036b33eb94c1,EXECUTE stmt5500617373 USING cast('2020' as CHAR(4)),2024-04-11T21:40:14.699+02:00,SUCCEEDED,2.838 sec,1.68 GB,Athena engine version 3,
be5bf0c2-7e62-4d7b-a5b6-26fea6ba88f2,"SELECT * FROM (select ""contract_id"", ""asset_id"", ""contract_start_date"", ""contract_end_date"", ""renewed_contract_id"" from ""AwsDataCatalog"".""datalake-prod"".""erp_gold_view_daily_arion"" WHERE ((""created_year"" =  NULL )) ) T LIMIT 0",2024-04-11T21:40:13.155+02:00,SUCCEEDED,672 ms,0 MB,Athena engine version 3,
ff04991a-154e-43de-a7ad-a778ac472c46,EXECUTE stmt5500617372 USING cast('2021' as CHAR(4)),2024-04-11T20:57:29.565+02:00,SUCCEEDED,3.164 sec,1.68 GB,Athena engine version 3,
6eaf0bac-cffb-4163-84ec-37f2d1e00da9,"SELECT * FROM (select ""contract_id"", ""asset_id"", ""contract_start_date"", ""contract_end_date"", ""renewed_contract_id"" from ""AwsDataCatalog"".""datalake-prod"".""erp_gold_view_daily_arion"" WHERE ((""created_year"" =  NULL )) ) T LIMIT 0",2024-04-11T20:57:28.008+02:00,SUCCEEDED,738 ms,0 MB,Athena engine version 3,
45ed4a59-b4ba-4397-b108-cfaa07fd9ead,"select ""raw_country"", ""fr-name"", ""en-name"", ""region_sc"", ""region_ops"", ""region_finance"" from ""AwsDataCatalog"".""datalake-prod"".""erp_view_daily_country_equvalences_complete""",2024-04-11T20:30:03.430+02:00,SUCCEEDED,686 ms,52.69 KB,Athena engine version 3,
95972de0-90c8-49b5-acd3-354d72fbf583,SHOW SCHEMAS,2024-04-11T20:30:02.307+02:00,SUCCEEDED,445 ms,0 MB,Athena engine version 3,
690fe0a0-a19c-4c16-b255-3e7131ac70a6,EXECUTE stmt18703794742 USING cast('M-1' as CHAR(3)),2024-04-11T20:25:23.692+02:00,SUCCEEDED,43.602 sec,90.45 GB,Athena engine version 3,
226f36d1-e4bc-4859-bdab-9324b66d6dc1,"SELECT * FROM (select ""contract_id"", ""contract_service_level_code"", ""asset_id"", ""contract_start_date"", ""contract_end_date"", ""asset_start_date"", ""asset_end_date"", ""imported_at"", ""relative_month"", ""storage_location"", ""sla"", ""reference_product_id"", ""implementation_status"", ""bom_id"", ""raw_address"", ""company_code"", ""last_import"" from ""AwsDataCatalog"".""datalake-prod"".""erp_gold_view_monthly_active_contracts_assets_countries"" WHERE ((""relative_month"" =  NULL )) ) T LIMIT 0",2024-04-11T20:25:20.870+02:00,SUCCEEDED,2.031 sec,0 MB,Athena engine version 3,
ac9e7ac8-0526-4ecf-9ba0-5c9f6cc86f89,"EXECUTE stmt5500617371 USING cast('2027' as CHAR(4)), cast('2026' as CHAR(4)), cast('2025' as CHAR(4)), cast('2024' as CHAR(4)), cast('2023' as CHAR(4)), cast('2022' as CHAR(4))",2024-04-11T19:08:53.920+02:00,SUCCEEDED,6.309 sec,1.68 GB,Athena engine version 3,
b0575177-f567-450b-9138-e4cb69e5a607,"SELECT * FROM (select ""contract_id"", ""asset_id"", ""contract_start_date"", ""contract_end_date"", ""renewed_contract_id"" from ""AwsDataCatalog"".""datalake-prod"".""erp_gold_view_daily_arion"" WHERE ((""created_year"" =  NULL  OR ""created_year"" =  NULL  OR ""created_year"" =  NULL  OR ""created_year"" =  NULL  OR ""created_year"" =  NULL  OR ""created_year"" =  NULL )) ) T LIMIT 0",2024-04-11T19:08:52.399+02:00,SUCCEEDED,748 ms,0 MB,Athena engine version 3,
094aa196-8795-4454-a507-96e21f817fd7,"select ""id"", ""contract_id"", ""start_date"", ""end_date"", ""renewed_contract_id"", ""target_amount"" from ""AwsDataCatalog"".""datalake-prod"".""erp_gold_view_daily_contracts""",2024-04-11T19:00:03.790+02:00,SUCCEEDED,3.893 sec,139.91 MB,Athena engine version 3,
f5a0bc82-7303-4a74-82ac-45729e2fbc72,SHOW SCHEMAS,2024-04-11T19:00:02.742+02:00,SUCCEEDED,388 ms,0 MB,Athena engine version 3,
34e5b314-aaa0-45d6-aa92-11d6ad5dd3a3,"SELECT * FROM ""datalake-prod"".""byd_table_daily_contracts_assets"" 
WHERE id like 'CB4795002A%'",2024-04-11T18:28:45.213+02:00,SUCCEEDED,2.281 sec,1.54 GB,Athena engine version 3,
dbdea77f-f32e-420b-8625-9b9e7af9e696,"SELECT * FROM ""datalake-prod"".""byd_table_daily_contracts_assets"" 
WHERE id like 'CB4795002%'",2024-04-11T18:22:42.416+02:00,SUCCEEDED,2.289 sec,1.54 GB,Athena engine version 3,
72e42861-f688-4969-ba6e-0dd626500227,"SELECT * FROM ""datalake-prod"".""byd_table_daily_contracts_assets"" 
WHERE id like 'CB4795002A%'",2024-04-11T18:21:38.365+02:00,SUCCEEDED,1.866 sec,1.54 GB,Athena engine version 3,
6f966f34-6e84-4360-b1f5-7fc1983fd747,"EXECUTE stmt18703794741 USING cast('M-2' as CHAR(3)), cast('M-0' as CHAR(3))",2024-04-11T18:00:06.164+02:00,SUCCEEDED,47.766 sec,90.45 GB,Athena engine version 3,
44d9caaa-05f4-4ba8-858c-687497fd7e09,"SELECT * FROM (select ""contract_id"", ""contract_service_level_code"", ""asset_id"", ""contract_start_date"", ""contract_end_date"", ""asset_start_date"", ""asset_end_date"", ""imported_at"", ""relative_month"", ""storage_location"", ""sla"", ""reference_product_id"", ""implementation_status"", ""bom_id"", ""raw_address"", ""company_code"", ""last_import"" from ""AwsDataCatalog"".""datalake-prod"".""erp_gold_view_monthly_active_contracts_assets_countries"" WHERE ((""relative_month"" =  NULL  OR ""relative_month"" =  NULL )) ) T LIMIT 0",2024-04-11T18:00:03.341+02:00,SUCCEEDED,2.179 sec,0 MB,Athena engine version 3,
7ab16afa-6829-49ba-b299-0796b3bb41bf,SHOW SCHEMAS,2024-04-11T18:00:02.187+02:00,SUCCEEDED,462 ms,0 MB,Athena engine version 3,
6830e523-8b52-4e90-8399-81e0aab19714,SELECT * FROM erp_gold_view_brockerbin_repatriated_stocks,2024-04-11T14:15:53.888+02:00,SUCCEEDED,9.183 sec,1.67 GB,Athena engine version 3,
aef77bbd-8796-4cef-867c-66489e7ee14c,SELECT * FROM erp_gold_view_brockerbin_standard_stocks,2024-04-11T14:15:36.767+02:00,SUCCEEDED,10.571 sec,1.67 GB,Athena engine version 3,
16b3979c-680c-4020-8e93-ade047c0291d,"select ""userid"", ""paycomponent"", ""compensationstartdate"", ""paycompvalue"", ""imported_at"" from ""AwsDataCatalog"".""datalake-prod"".""sf_view_daily_compensation_processed""",2024-04-11T12:11:46.746+02:00,SUCCEEDED,1.721 sec,41.22 MB,Athena engine version 3,
8dca4d65-311a-4891-9c5d-f86f9fd209f0,"select ""id"", ""delivery_id"", ""item_id"", ""delivery_item_id"", ""delivery_type"", ""delivery_type_desc"", ""business_partner"", ""data_origin"", ""quantity"", ""released_status"", ""packaging_status"", ""cancellation_status"", ""consistency_status"", ""tms_status"", ""shipping_cost"", ""shipping_cost_currency"", ""freight"", ""freight_currency"", ""freightforwarder_id"", ""freightforwarder_name"", ""nb_colis"", ""width"", ""width_unit"", ""length"", ""length_unit"", ""height"", ""height_unit"", ""weight"", ""weight_unit"", ""comment"", ""signature_request"", ""packaging_type"", ""nb_pallets"", ""shipfrom_location_id"", ""departure_shop"", ""shipto_location_id"", ""shipto_country"", ""shipto_city"", ""shipto_street"", ""tracking_number"", ""delivery_date"", ""shipping_date"", ""packaging_date"", ""last_update"", ""creation_date"", ""company_code"", ""imported_at"" from ""AwsDataCatalog"".""datalake-prod"".""erp_gold_view_daily_deliveries_items_aggr""",2024-04-11T12:05:02.844+02:00,SUCCEEDED,13.474 sec,3.48 GB,Athena engine version 3,
382dfd59-52bc-40ff-a686-fe0b1433652c,SHOW SCHEMAS,2024-04-11T12:05:01.930+02:00,SUCCEEDED,456 ms,0 MB,Athena engine version 3,
b40de335-8743-49f1-94fa-979631a34fcd,"select ""delivery_id"", ""delivery_item_id"", ""product_id"", ""business_partner"", ""shipping_cost"", ""shipping_date"", ""ods_id"", ""contract_id"", ""imported_at"" from ""AwsDataCatalog"".""datalake-prod"".""erp_gold_view_daily_transport_cost""",2024-04-11T12:02:17.797+02:00,SUCCEEDED,6.279 sec,3.90 GB,Athena engine version 3,
11a7d4c3-9347-498b-a4b5-d689c41e353a,"SELECT * FROM ""datalake-prod"".""byd_bronze_view_daily_contract_assets"" 
LIMIT 5",2024-04-11T12:01:09.993+02:00,SUCCEEDED,1.011 sec,1.14 MB,Athena engine version 3,
77b80db8-0f46-49ae-8438-165b53bb6f56,"select ""id"", ""buyerid"", ""employee_responsible"", ""costcenter"", ""partyid"", ""partyid17"", ""partyid18"", ""description"", ""lifecyclestatus"", ""shipfrom"", ""additionalinstruction"", ""product_id"", ""product_description"", ""product_replacement"", ""product_quantity"", ""confirmed_quantity"", ""crl_cqireleasedforcastmargincontent_sdk"", ""netamount"", ""currency"", ""imported_at"", ""creation_date"" from ""AwsDataCatalog"".""datalake-prod"".""erp_gold_view_daily_sales_order_items""",2024-04-11T12:00:05.757+02:00,SUCCEEDED,4.024 sec,155.22 MB,Athena engine version 3,
745535e9-430e-4217-b17f-dd340c55dc06,"select ""userid"", ""paycomponent"", ""compensationstartdate"", ""paycompvalue"", ""imported_at"" from ""AwsDataCatalog"".""datalake-prod"".""sf_view_daily_compensation_processed""",2024-04-11T12:00:05.044+02:00,SUCCEEDED,1.245 sec,41.22 MB,Athena engine version 3,
555bca53-8fe1-4d52-bb86-7704add6130a,SHOW SCHEMAS,2024-04-11T12:00:04.865+02:00,SUCCEEDED,491 ms,0 MB,Athena engine version 3,
1971179c-7096-46b7-afcc-269f4c75ba93,"select ""id"", ""item_id"", ""delivery_id"", ""delivery_item_id"", ""cancellation_status"", ""consistency_status"", ""release_status"", ""product_id"", ""quantity"", ""imported_at"", ""creation_date"", ""deliveries_id"", ""confirmed_id"", ""shipto_id"", ""theoritical_arrivaldate"" from ""AwsDataCatalog"".""datalake-prod"".""erp_gold_view_daily_inbound_delivery_item""",2024-04-11T12:00:04.662+02:00,SUCCEEDED,7.103 sec,856.75 MB,Athena engine version 3,
d47fc9d5-642f-4d5d-a1bd-fd8a9b681fba,SHOW SCHEMAS,2024-04-11T12:00:04.172+02:00,SUCCEEDED,365 ms,0 MB,Athena engine version 3,
3a64e588-fb6f-4427-a963-480aec2f40db,SHOW SCHEMAS,2024-04-11T12:00:03.747+02:00,SUCCEEDED,461 ms,0 MB,Athena engine version 3,
4897635e-66d5-44dc-9f9d-f22c46894d29,"select ""id_commande_client"", ""creation_date"", ""imported_at"" from ""AwsDataCatalog"".""datalake-prod"".""erp_gold_view_daily_sales_order""",2024-04-11T11:35:02.744+02:00,SUCCEEDED,1.308 sec,22.11 MB,Athena engine version 3,
8b539cd4-c7d5-4440-99dc-c2f3f5f83851,SHOW SCHEMAS,2024-04-11T11:35:01.852+02:00,SUCCEEDED,350 ms,0 MB,Athena engine version 3,
8960079d-e08e-4f2c-aeef-d0fd50c09974,"select ""contract_id"", ""user"", ""tt_created_date"", ""tracked_time(min)"", ""tracked_time(h)"", ""hourly_rate"", ""staff_cost"", ""client_id"", ""imported_at"" from ""AwsDataCatalog"".""datalake-prod"".""sfdc_gold_view_daily_staff_cost""",2024-04-11T11:30:01.922+02:00,SUCCEEDED,7.89 sec,4.46 GB,Athena engine version 3,
dd401249-36cd-42ca-8ba6-c3612a08a579,"select ""posting_date"", ""company_currency_amount"", ""business_partner"" from ""AwsDataCatalog"".""datalake-prod"".""erp_gold_view_daily_penalties""",2024-04-11T11:29:38.485+02:00,SUCCEEDED,6.215 sec,8.30 GB,Athena engine version 3,
32b6f9d7-64a0-405e-a6ab-6a212f0784ce,"select ""id"", ""posting_date"", ""company_currency_balance"", ""business_partner"", ""product_id"", ""contract_id"", ""service_confirmation_item_id"", ""parent_document_id"", ""ods_id"" from ""AwsDataCatalog"".""datalake-prod"".""erp_gold_view_daily_spare_parts_consumption""",2024-04-11T11:12:16.079+02:00,SUCCEEDED,11.664 sec,9.79 GB,Athena engine version 3,
119d3000-cb31-4e47-ac8c-4fd11ac741dd,"select ""account_id"", ""rebates2022"" from ""AwsDataCatalog"".""datalake-prod"".""erp_view_manual_rebates""",2024-04-11T11:10:31.605+02:00,SUCCEEDED,471 ms,2.13 KB,Athena engine version 3,
aa3e1ae5-61b5-4efc-9cb9-99f088ff8a14,"select ""client_id"", ""2019"", ""2020"", ""2021"", ""2022"", ""2023"", ""2024"" from ""AwsDataCatalog"".""datalake-prod"".""erp_gold_pl_initialization2""",2024-04-11T11:09:20.212+02:00,SUCCEEDED,2.904 sec,139.91 MB,Athena engine version 3,
a973d203-c9b2-4d44-9ea8-ca9f4ea1c9cb,"select ""id"", ""2019"", ""2020"", ""2021"", ""2022"", ""2023"", ""2024"" from ""AwsDataCatalog"".""datalake-prod"".""erp_gold_pl_initialization""",2024-04-11T11:00:06.641+02:00,SUCCEEDED,2.919 sec,139.91 MB,Athena engine version 3,
9394ac53-29dd-4c95-98ca-13bf36856a9b,SHOW SCHEMAS,2024-04-11T11:00:05.736+02:00,SUCCEEDED,371 ms,0 MB,Athena engine version 3,
1cb3697d-6ead-4e77-9bbc-ded059b33657,"SELECT * FROM ""datalake-prod"".""byd_bronze_view_daily_contract_assets"" 
WHERE asset_id LIKE 'CB47950_FOC1801Z0K8%'",2024-04-11T10:59:07.768+02:00,SUCCEEDED,3.062 sec,1.54 GB,Athena engine version 3,
bfc8f7cb-0eaa-45f5-bfa1-f9d9df953f2e,"select ""id"", ""ods_id"", ""item_id"", ""ods_item_id"", ""product_descr"", ""product_id"", ""asked_product_descr"", ""cost_center"", ""ship_from"", ""departure_shop_id"", ""departure_shop_desc"", ""additional_instructions"", ""product_replacement"", ""item_type"", ""type"", ""uuid"", ""buyer_id"", ""vendor_id"", ""equivalent_authorized"", ""quantity"", ""cancellation_status"", ""consistency_status"", ""status"", ""service_status"", ""delivery_status"", ""invoice_status"", ""product_availability_status"", ""imported_at"", ""description"", ""service_confirmation_id"", ""contract_id"", ""asset_id"", ""company_currency_balance"", ""company_currency"", ""created_at"", ""updated_at"", ""posting_date"", ""ods_product"", ""purchasing_unit_id"" from ""AwsDataCatalog"".""datalake-prod"".""erp_gold_view_daily_ods_items_prices_emergency_unit""",2024-04-11T10:55:02.687+02:00,SUCCEEDED,25.208 sec,11.70 GB,Athena engine version 3,
c586dc86-c474-4361-a24d-707081b32d67,SHOW SCHEMAS,2024-04-11T10:55:01.802+02:00,SUCCEEDED,347 ms,0 MB,Athena engine version 3,
31fe8177-dced-421a-b5fb-f251d1fe4ad9,"SELECT * FROM ""datalake-prod"".""byd_bronze_view_daily_contract_assets"" 
WHERE contract_id LIKE 'CB4795002%'",2024-04-11T10:52:18.455+02:00,SUCCEEDED,2.126 sec,1.54 GB,Athena engine version 3,
64393537-dfc1-456c-813c-1f19c3b1fe17,"SELECT * FROM ""datalake-prod"".""byd_bronze_view_daily_contract_assets"" 
WHERE contract_id LIKE 'CB4795002A%'",2024-04-11T10:52:09.241+02:00,SUCCEEDED,3.25 sec,1.54 GB,Athena engine version 3,
a19d22b7-52c4-4a0a-8226-035c8b0ba110,"SELECT * FROM ""datalake-prod"".""byd_bronze_view_daily_contract_assets"" 
WHERE contract_id LIKE 'CB4795002A%'",2024-04-11T10:50:45.552+02:00,SUCCEEDED,2.117 sec,1.54 GB,Athena engine version 3,
1eeb763b-bb5a-40ed-9316-5cc6e58ecf4a,"select ""opened_date"", ""closed_date"", ""id"", ""owner"", ""service_contract_type"", ""status"", ""qualification"", ""out_of_contract_type"", ""sla"", ""reason_sla_nok"", ""region"", ""escalation"", ""escalation_date"", ""escalation_reason"", ""asset_id"", ""contract_id"", ""company_id"", ""relative_week"", ""imported_at"" from ""AwsDataCatalog"".""datalake-prod"".""sfdc_view_daily_case""",2024-04-11T10:30:03.892+02:00,SUCCEEDED,4.736 sec,5.07 GB,Athena engine version 3,
088b49cf-54e6-40c4-ae58-5b7170d2268a,SHOW SCHEMAS,2024-04-11T10:30:02.978+02:00,SUCCEEDED,406 ms,0 MB,Athena engine version 3,
772283ae-52f8-4464-91b9-da8c69d5233b,"select ""id"", ""contract_id"", ""contract"", ""sales_order_id"", ""item_id"", ""description"", ""hors_cutoff"", ""client_id"", ""productid"", ""contract_item_date"", ""contract_item_start_date"", ""contract_item_end_date"", ""start_date"", ""end_date"", ""fulfilment_category"", ""processing_type"", ""cancellation_status"", ""contract_status"", ""fulfilment_processing_status"", ""invoice_processing_status"", ""release_status"", ""type"", ""netamount"", ""grossamount"", ""target_amount"", ""currency_code"", ""currencycode"", ""company_code"", ""created_at"", ""updated_at"", ""imported_at"", ""sales_unit"", ""service_level_code"", ""difference_in_months"" from ""AwsDataCatalog"".""datalake-prod"".""erp_gold_view_daily_contracts_location""",2024-04-11T10:00:06.023+02:00,SUCCEEDED,4.932 sec,1.31 GB,Athena engine version 3,
ab2e135e-01a5-47cc-9af5-fdd7f64f4648,SHOW SCHEMAS,2024-04-11T10:00:05.165+02:00,SUCCEEDED,371 ms,0 MB,Athena engine version 3,
c51b1dbc-15e0-4d74-8ab6-bdae1c4597e7,"select ""id"", ""delivery_id"", ""delivery_type"", ""delivery_type_desc"", ""business_partner"", ""data_origin"", ""quantity"", ""released_status"", ""packaging_status"", ""cancellation_status"", ""consistency_status"", ""tms_status"", ""shipping_cost"", ""shipping_cost_currency"", ""freight"", ""freight_currency"", ""freightforwarder_id"", ""freightforwarder_name"", ""nb_colis"", ""width"", ""width_unit"", ""length"", ""length_unit"", ""height"", ""height_unit"", ""weight"", ""weight_unit"", ""signature_request"", ""packaging_type"", ""nb_pallets"", ""shipfrom_location_id"", ""shipto_location_id"", ""shipto_country"", ""shipto_city"", ""shipto_street"", ""tracking_number"", ""delivery_date"", ""shipping_date"", ""packaging_date"", ""last_update"", ""creation_date"", ""company_code"", ""imported_at"" from ""AwsDataCatalog"".""datalake-prod"".""erp_gold_view_daily_deliveries""",2024-04-11T10:00:05.082+02:00,SUCCEEDED,5.516 sec,1.23 GB,Athena engine version 3,
26f7c968-738b-4792-bd12-8e97399deb24,SHOW SCHEMAS,2024-04-11T10:00:04.206+02:00,SUCCEEDED,429 ms,0 MB,Athena engine version 3,
79143a2d-d5f1-49ea-a626-195ffa6dadb0,"select ""id_stock_identifie"", ""productid"", ""identifiedstockpartyid"", ""gestionnaire_de_confirmation"", ""zone_logistique"", ""site"", ""quantity"", ""date_creation"", ""imported_at"" from ""AwsDataCatalog"".""datalake-prod"".""erp_gold_view_entree_en_stock""",2024-04-11T09:30:03.112+02:00,SUCCEEDED,3.991 sec,781.92 MB,Athena engine version 3,
16d072a2-47f7-49f5-983e-c11a4abfde0b,SHOW SCHEMAS,2024-04-11T09:30:02.218+02:00,SUCCEEDED,439 ms,0 MB,Athena engine version 3,
be7ff69a-cbbb-4bb6-8174-a99dd550ad93,"EXECUTE stmt16207870163 USING cast('Not Canceled' as CHAR(12)), cast('EVFR01-EVX' as CHAR(10))",2024-04-11T09:16:27.924+02:00,SUCCEEDED,12.284 sec,10.73 GB,Athena engine version 3,
c8204f80-07c9-4ff9-b236-a4ae57dc6502,"SELECT * FROM (select ""id"", ""ods_id"", ""item_id"", ""ods_item_id"", ""product_descr"", ""product_id"", ""asked_product_descr"", ""cost_center"", ""ship_from"", ""departure_shop_id"", ""departure_shop_desc"", ""additional_instructions"", ""product_replacement"", ""item_type"", ""type"", ""uuid"", ""buyer_id"", ""vendor_id"", ""equivalent_authorized"", ""quantity"", ""cancellation_status"", ""consistency_status"", ""status"", ""service_status"", ""delivery_status"", ""invoice_status"", ""product_availability_status"", ""imported_at"", ""description"", ""company_currency_balance"", ""company_currency"", ""created_at"", ""created_by"", ""posting_date"" from ""AwsDataCatalog"".""datalake-prod"".""erp_gold_view_daily_ods_prices"" WHERE ((""cancellation_status"" =  NULL ) AND (""ship_from"" =  NULL )) ) T LIMIT 0",2024-04-11T09:16:22.525+02:00,SUCCEEDED,3.286 sec,0 MB,Athena engine version 3,
be3a3ed8-5463-42c4-9654-2c778d25b05f,"EXECUTE stmt14901108881 USING cast('EVFR09' as CHAR(6)), cast('EVFR01' as CHAR(6)), cast('Not Canceled' as CHAR(12))",2024-04-11T09:08:59.778+02:00,SUCCEEDED,4.963 sec,2.26 GB,Athena engine version 3,
972395a4-7306-476d-b9f8-429d7a62253e,"SELECT * FROM (select ""id"", ""odt_id"", ""item_id"", ""odt_item_id"", ""shipfrom_site"", ""shipfrom_location"", ""shipto_location"", ""shipto_site"", ""creator_name"", ""transactiondocumenttype"", ""confirmationstatus"", ""cancellationstatus"", ""logisticsexecutionblockingstatus"", ""logisticsexecutionprocessingstatus"", ""logisticsexecutionreleasestatus"", ""processingstatus"", ""product_id"", ""confirmed_quantity"", ""fulfilled_quantity"", ""requested_quantity"", ""planned_quentity"", ""imported_at"", ""created_at"", ""updated_at"", ""location_product_concat"", ""price"" from ""AwsDataCatalog"".""datalake-prod"".""erp_gold_view_daily_odt_items"" WHERE ((""shipto_site"" =  NULL ) AND (""shipfrom_site"" =  NULL ) AND (""cancellationstatus"" =  NULL )) ) T LIMIT 0",2024-04-11T09:08:56.961+02:00,SUCCEEDED,1.958 sec,0 MB,Athena engine version 3,
0b8a5baa-7a89-4c44-832f-48777b2a5a74,SHOW SCHEMAS,2024-04-11T09:08:56.060+02:00,SUCCEEDED,338 ms,0 MB,Athena engine version 3,
3e9d1c7b-00c6-4ae4-b96f-b714b08e8401,"EXECUTE stmt16207870162 USING cast('23MCOPL-EMERGENCY' as CHAR(17)), cast('23MCOPL-REAPPROS' as CHAR(16))",2024-04-11T09:02:15.748+02:00,SUCCEEDED,4.257 sec,436.92 MB,Athena engine version 3,
68b1dd2e-41ff-4deb-b295-9d9be6c70c87,"SELECT * FROM (select ""id"", ""po_id"", ""purchasing_unit_id"", ""total_net_amount"", ""total_net_amount_currency_code"", ""total_tax_amount"", ""total_tax_amount_currency_code"", ""total_gross_amount"", ""total_gross_amount_currency_code"", ""items_id"", ""product_id"", ""ods_id"", ""location_id"", ""ordered_date"", ""updated_at"", ""created_at"", ""imported_at"", ""quantity"" from ""AwsDataCatalog"".""datalake-prod"".""erp_gold_view_daily_purchase_order_purchase_order_item"" WHERE ((""purchasing_unit_id"" =  NULL  OR ""purchasing_unit_id"" =  NULL )) ) T LIMIT 0",2024-04-11T09:02:12.884+02:00,SUCCEEDED,1.603 sec,0 MB,Athena engine version 3,
5294ab50-0852-4a7c-bfff-77a32e4efa3a,"select ""id"", ""delivery_request_item_id"", ""delivery_request_id"", ""odt_id"", ""odt_item_id"", ""requested_quantity"", ""odt_creation_date"", ""odt_updated_date"", ""shipfrom_location"", ""shipto_location"", ""asked_product"", ""outbound_deliveries_item_id"", ""shipped_product"", ""outbound_deliveries_id"", ""shipping_cost"", ""shipping_cost_currency"", ""nb_colis"", ""delivery_date"", ""shipped_date"", ""packaging_date"", ""delivery_creation_date"", ""inbound_delivery_id"", ""theoritical_arrivaldate"", ""shipping_date"", ""confirmed_inbound_deliveries_id"", ""reception_date"", ""edi_update_date_inbound"", ""description"", ""priority"", ""arrival_date"" from ""AwsDataCatalog"".""datalake-prod"".""erp_gold_view_daily_odt_tracking""",2024-04-11T09:00:07.983+02:00,SUCCEEDED,16.017 sec,6.88 GB,Athena engine version 3,
25e2dcc4-28c4-4894-b337-afc7af626ce2,SHOW SCHEMAS,2024-04-11T09:00:07.447+02:00,SUCCEEDED,286 ms,0 MB,Athena engine version 3,
d8737e0e-52dd-45c9-ad83-bd515da54b9e,EXECUTE stmt16207870161 USING cast('EVFR07-EVX' as CHAR(10)),2024-04-11T09:00:07.432+02:00,SUCCEEDED,2.565 sec,436.92 MB,Athena engine version 3,
03547f6d-b1e5-4655-abbd-2e32fc77ec97,"select ""opened_date"", ""closed_date"", ""id"", ""owner"", ""service_contract_type"", ""status"", ""qualification"", ""out_of_contract_type"", ""sla"", ""reason_sla_nok"", ""region"", ""escalation"", ""escalation_date"", ""escalation_reason"", ""asset_id"", ""contract_id"", ""company_id"", ""relative_week"", ""imported_at"" from ""AwsDataCatalog"".""datalake-prod"".""sfdc_view_daily_case""",2024-04-11T09:00:05.142+02:00,SUCCEEDED,6.37 sec,5.07 GB,Athena engine version 3,
94bfda5f-f32d-4dae-a286-733995d68df9,"SELECT * FROM (select ""id"", ""po_id"", ""purchasing_unit_id"", ""total_net_amount"", ""total_net_amount_currency_code"", ""total_tax_amount"", ""total_tax_amount_currency_code"", ""total_gross_amount"", ""total_gross_amount_currency_code"", ""items_id"", ""product_id"", ""ods_id"", ""location_id"", ""ordered_date"", ""updated_at"", ""created_at"", ""imported_at"", ""quantity"" from ""AwsDataCatalog"".""datalake-prod"".""erp_gold_view_daily_purchase_order_purchase_order_item"" WHERE ((""location_id"" =  NULL )) ) T LIMIT 0",2024-04-11T09:00:04.606+02:00,SUCCEEDED,1.553 sec,0 MB,Athena engine version 3,
ea6ca735-8a5c-4da6-8691-7d1c31d652e2,SHOW SCHEMAS,2024-04-11T09:00:04.256+02:00,SUCCEEDED,338 ms,0 MB,Athena engine version 3,
f42946a3-c826-44fe-850d-f6ce74073607,"select ""id"", ""contract_id"", ""contract"", ""item_id"", ""description"", ""hors_cutoff"", ""client_id"", ""productid"", ""contract_item_date"", ""contract_item_start_date"", ""contract_item_end_date"", ""start_date"", ""end_date"", ""fulfilment_category"", ""processing_type"", ""cancellation_status"", ""contract_status"", ""fulfilment_processing_status"", ""invoice_processing_status"", ""release_status"", ""type"", ""netamount"", ""grossamount"", ""target_amount"", ""currency_code"", ""currencycode"", ""company_code"", ""created_at"", ""updated_at"", ""imported_at"" from ""AwsDataCatalog"".""datalake-prod"".""erp_gold_view_daily_contracts_items""",2024-04-11T09:00:04.124+02:00,SUCCEEDED,5.07 sec,560.78 MB,Athena engine version 3,
84964768-f50e-409a-90b9-26e7a6aeb3f0,SHOW SCHEMAS,2024-04-11T09:00:03.655+02:00,SUCCEEDED,398 ms,0 MB,Athena engine version 3,
d54fc0ad-c555-4e87-a5cb-6dbe27701134,SHOW SCHEMAS,2024-04-11T09:00:03.248+02:00,SUCCEEDED,396 ms,0 MB,Athena engine version 3,
12ad54ba-e290-4e63-8cd9-44974fdb002c,"select ""id"", ""po_id"", ""purchasing_unit_id"", ""total_net_amount"", ""total_net_amount_currency_code"", ""total_tax_amount"", ""total_tax_amount_currency_code"", ""total_gross_amount"", ""total_gross_amount_currency_code"", ""items_id"", ""product_id"", ""ods_id"", ""location_id"", ""ordered_date"", ""updated_at"", ""created_at"", ""imported_at"", ""quantity"" from ""AwsDataCatalog"".""datalake-prod"".""erp_gold_view_daily_purchase_order_purchase_order_item""",2024-04-11T09:00:02.859+02:00,SUCCEEDED,6.933 sec,436.92 MB,Athena engine version 3,
352b53a1-512f-4edb-8614-daacaa1efce7,EXECUTE stmt12923477333 USING cast('EVFR99-EVX' as CHAR(10)),2024-04-11T08:42:12.434+02:00,SUCCEEDED,7.327 sec,2.97 GB,Athena engine version 3,
0bd1ab5c-783f-4211-ad49-8d34926e4e40,"SELECT * FROM (select ""identified_stock_id"", ""stock_type_id"", ""location_id"", ""logistics_area_id"", ""product_id"", ""price"", ""currency_code"", ""price_location"", ""stock_on_hand"", ""inspected"", ""restricted"", ""company_code"", ""last_count_date"", ""last_pickup_date"", ""last_putaway_date"", ""imported_at"", ""inventoried_status"", ""warehouse_inventoried"", ""logistics_area_inventoried"" from ""AwsDataCatalog"".""datalake-prod"".""erp_gold_view_daily_stocks_inventory"" WHERE ((""price_location"" =  NULL )) ) T LIMIT 0",2024-04-11T08:42:09.612+02:00,SUCCEEDED,1.378 sec,0 MB,Athena engine version 3,
0fb334fc-1eb3-4fbc-be67-480d72a3db60,EXECUTE stmt12304940554 USING cast('EVFR98-EVX' as CHAR(10)),2024-04-11T08:41:11.913+02:00,SUCCEEDED,7.616 sec,2.97 GB,Athena engine version 3,
0d9ff95d-5899-4842-a1bc-773a2795dece,"SELECT * FROM (select ""identified_stock_id"", ""stock_type_id"", ""location_id"", ""logistics_area_id"", ""product_id"", ""price"", ""currency_code"", ""price_location"", ""stock_on_hand"", ""inspected"", ""restricted"", ""company_code"", ""last_count_date"", ""last_pickup_date"", ""last_putaway_date"", ""imported_at"", ""inventoried_status"", ""warehouse_inventoried"", ""logistics_area_inventoried"" from ""AwsDataCatalog"".""datalake-prod"".""erp_gold_view_daily_stocks_inventory"" WHERE ((""price_location"" =  NULL )) ) T LIMIT 0",2024-04-11T08:41:09.075+02:00,SUCCEEDED,1.393 sec,0 MB,Athena engine version 3,
59272296-a85d-481c-ba84-89801e4cfbe6,EXECUTE stmt12304940553 USING cast('EVFR08-EVX' as CHAR(10)),2024-04-11T08:40:43.164+02:00,SUCCEEDED,9.209 sec,2.97 GB,Athena engine version 3,
a1bcea72-d5c1-485a-8d6a-dd7feee16b29,"SELECT * FROM (select ""identified_stock_id"", ""stock_type_id"", ""location_id"", ""logistics_area_id"", ""product_id"", ""price"", ""currency_code"", ""price_location"", ""stock_on_hand"", ""inspected"", ""restricted"", ""company_code"", ""last_count_date"", ""last_pickup_date"", ""last_putaway_date"", ""imported_at"", ""inventoried_status"", ""warehouse_inventoried"", ""logistics_area_inventoried"" from ""AwsDataCatalog"".""datalake-prod"".""erp_gold_view_daily_stocks_inventory"" WHERE ((""price_location"" =  NULL )) ) T LIMIT 0",2024-04-11T08:40:40.262+02:00,SUCCEEDED,1.372 sec,0 MB,Athena engine version 3,
dd357c8e-cd25-4506-a7b9-74cf3c3f44a7,EXECUTE stmt12304940552 USING cast('EVFR07-EVX' as CHAR(10)),2024-04-11T08:38:20.051+02:00,SUCCEEDED,7.196 sec,2.97 GB,Athena engine version 3,
5064c337-1984-435a-8b31-cd86521ca6e1,"SELECT * FROM (select ""identified_stock_id"", ""stock_type_id"", ""location_id"", ""logistics_area_id"", ""product_id"", ""price"", ""currency_code"", ""price_location"", ""stock_on_hand"", ""inspected"", ""restricted"", ""company_code"", ""last_count_date"", ""last_pickup_date"", ""last_putaway_date"", ""imported_at"", ""inventoried_status"", ""warehouse_inventoried"", ""logistics_area_inventoried"" from ""AwsDataCatalog"".""datalake-prod"".""erp_gold_view_daily_stocks_inventory"" WHERE ((""price_location"" =  NULL )) ) T LIMIT 0",2024-04-11T08:38:17.228+02:00,SUCCEEDED,1.435 sec,0 MB,Athena engine version 3,
150a8067-a732-4080-966a-34e4e10f11f0,"select ""userid"", ""username"", ""title"", ""hub"", ""country"", ""service_territory"", ""case_"", ""name"", ""start_date"", ""end_date"", ""status"", ""sub_status"", ""tracked_time"", ""timezone"" from ""AwsDataCatalog"".""datalake-prod"".""sfdc_view_daily_occupation_rate""",2024-04-11T08:30:02.891+02:00,FAILED,654 ms,0 MB,Athena engine version 3,
c138d58f-75d1-4695-a376-d8f7cbc58a92,"select ""brand"", ""id"", ""name"", ""product_category_technical_name"", ""updated_at"", ""created_at"", ""priority"", ""imported_at"", ""is_equiv"", ""description"", ""productcategoryhierarchy"", ""markcontent"", ""competitorproduct"", ""id4d1"", ""ibpplanningrequired"", ""hscode"", ""id4d"", ""productvaluationlevel"", ""identifiedstocktype"", ""serialidentifierassignmentprofile"" from ""AwsDataCatalog"".""datalake-prod"".""erp_gold_view_daily_products_spaas""",2024-04-11T08:30:02.670+02:00,SUCCEEDED,4.823 sec,277.43 MB,Athena engine version 3,
a9d2edca-bb21-415f-83cc-8e692d25ba84,SHOW SCHEMAS,2024-04-11T08:30:02.010+02:00,SUCCEEDED,437 ms,0 MB,Athena engine version 3,
1b9fb4fc-7091-47ed-bd4e-891126b7f689,EXECUTE stmt12304940551 USING cast('EVFR09-EVX' as CHAR(10)),2024-04-11T08:09:12.588+02:00,SUCCEEDED,10.212 sec,2.97 GB,Athena engine version 3,
25bb860e-2aaa-4fe7-b7e4-274678fdf76b,"SELECT * FROM (select ""identified_stock_id"", ""stock_type_id"", ""location_id"", ""logistics_area_id"", ""product_id"", ""price"", ""currency_code"", ""price_location"", ""stock_on_hand"", ""inspected"", ""restricted"", ""company_code"", ""last_count_date"", ""last_pickup_date"", ""last_putaway_date"", ""imported_at"", ""inventoried_status"", ""warehouse_inventoried"", ""logistics_area_inventoried"" from ""AwsDataCatalog"".""datalake-prod"".""erp_gold_view_daily_stocks_inventory"" WHERE ((""price_location"" =  NULL )) ) T LIMIT 0",2024-04-11T08:09:09.773+02:00,SUCCEEDED,1.404 sec,0 MB,Athena engine version 3,
6bbbd423-b619-46da-bd9d-f06decf3f336,"select ""postal_code_2"", ""id"", ""rue_2"", ""pays_2"", ""ville_2"" from ""AwsDataCatalog"".""datalake-prod"".""erp_gold_view_daily_customers""",2024-04-11T08:03:12.314+02:00,SUCCEEDED,1.696 sec,13.28 MB,Athena engine version 3,
2520877d-1b8d-4514-88d7-e33cadd66ca5,SHOW SCHEMAS,2024-04-11T08:03:11.455+02:00,SUCCEEDED,312 ms,0 MB,Athena engine version 3,
a377ef42-04d2-41c8-84d5-5dd456ac8291,"select ""id"", ""name"", ""brand"", ""product_category_technical_name"", ""updated_at"", ""created_at"", ""priority"", ""imported_at"", ""is_equiv"" from ""AwsDataCatalog"".""datalake-prod"".""erp_gold_view_daily_products""",2024-04-11T08:00:17.369+02:00,SUCCEEDED,5.848 sec,277.43 MB,Athena engine version 3,
e8229bb1-9d58-4f22-b8a1-f42eddbcf813,SHOW SCHEMAS,2024-04-11T08:00:16.490+02:00,SUCCEEDED,355 ms,0 MB,Athena engine version 3,
32c904e4-e72f-445b-bb55-1b898b9d6b39,"EXECUTE stmt19118993341 USING cast('Ready for departure - Mitry' as CHAR(27)), cast('Ready for pick-up - Mitry' as CHAR(25)), cast('Ready for departure - Massy' as CHAR(27)), cast('Ready for pick-up - Massy' as CHAR(25))",2024-04-11T08:00:12.955+02:00,SUCCEEDED,6.48 sec,2.25 GB,Athena engine version 3,
80688dd0-1f43-4bea-91da-ba9041a4effe,EXECUTE stmt15525724571 USING cast('EVFR01-EVX' as CHAR(10)),2024-04-11T08:00:12.640+02:00,SUCCEEDED,9.034 sec,2.97 GB,Athena engine version 3,
3339d8f0-0aa0-45fa-90cf-74942e7aa282,"SELECT * FROM (select ""id"", ""delivery_id"", ""item_id"", ""delivery_item_id"", ""packagingstatus"", ""processingstatus"", ""product_id"", ""consistency_status"", ""cancellation_status"", ""origin_country_id"", ""origin_country"", ""departure_shop"", ""departure_shop_desc"", ""sales_unit"", ""customs_value"", ""customs_value_unit"", ""asked_product_id"", ""asked_product_desc"", ""bu_product"", ""employee_id"", ""identified_stock"", ""hs_code"", ""asked_product_quantity"", ""asked_product_quantity_unit"", ""delivery_schedule"", ""expedition_type"", ""equivalent_authorized"", ""asked_firmware"", ""asked_os"", ""parent_document_id"", ""parent_document_type"", ""additionnal_instructions"", ""deliverie_request_id"", ""deliverie_request_item_id"", ""company_code"", ""imported_at"", ""shipping_date"" from ""AwsDataCatalog"".""datalake-prod"".""erp_gold_view_daily_deliveries_items"" WHERE ((""packagingstatus"" =  NULL  OR ""packagingstatus"" =  NULL  OR ""packagingstatus"" =  NULL  OR ""packagingstatus"" =  NULL )) ) T LIMIT 0",2024-04-11T08:00:11.435+02:00,SUCCEEDED,1.289 sec,0 MB,Athena engine version 3,
2d3dc44d-861e-4793-a310-6bf5cbbf7f09,SHOW SCHEMAS,2024-04-11T08:00:10.540+02:00,SUCCEEDED,352 ms,0 MB,Athena engine version 3,
2a5bd409-9fde-4766-aedf-f08cd74680ca,"SELECT * FROM (select ""identified_stock_id"", ""stock_type_id"", ""location_id"", ""logistics_area_id"", ""product_id"", ""price"", ""currency_code"", ""price_location"", ""stock_on_hand"", ""inspected"", ""restricted"", ""company_code"", ""last_count_date"", ""last_pickup_date"", ""last_putaway_date"", ""imported_at"", ""inventoried_status"", ""warehouse_inventoried"", ""logistics_area_inventoried"" from ""AwsDataCatalog"".""datalake-prod"".""erp_gold_view_daily_stocks_inventory"" WHERE ((""price_location"" =  NULL )) ) T LIMIT 0",2024-04-11T08:00:09.814+02:00,SUCCEEDED,1.507 sec,0 MB,Athena engine version 3,
07664b1b-5ce4-4bf3-9e70-efebc14f4a72,"select ""logistic_area_id"", ""name"", ""lifecycle_status"", ""locations_id"", ""company_code"", ""imported_at"", ""updated_at"", ""created_at"", ""id"" from ""AwsDataCatalog"".""datalake-prod"".""erp_gold_view_daily_logistics_areas""",2024-04-11T08:00:09.118+02:00,SUCCEEDED,1.643 sec,20.06 MB,Athena engine version 3,
9db95da2-bb3c-4e23-8cd9-0c411ff66f9e,SHOW SCHEMAS,2024-04-11T08:00:08.236+02:00,SUCCEEDED,354 ms,0 MB,Athena engine version 3,
290078ab-aac1-4b14-b99a-0640d86f909f,"select ""id"", ""po_item_id"", ""po_id"", ""ods_id"", ""ods_country"", ""ods_item_id"", ""product_needed"", ""shipped_product"", ""location_id"", ""buyer"", ""quantity"", ""equivalence"", ""created_at"", ""ship_to_country"", ""asset_bfr"", ""produit_equiv"", ""stock_on_hand"", ""stock_dispo_bfr"", ""stock_dispo_country"", ""last_putaway_date"", ""color"" from ""AwsDataCatalog"".""datalake-prod"".""erp_bronze_view_daily_worst_order""",2024-04-11T07:45:01.678+02:00,SUCCEEDED,27.85 sec,23.69 GB,Athena engine version 3,
cecbfde6-88be-437b-aee5-e1f4ca449b9c,"select ""id"", ""ods_id"", ""contract_id"", ""asset_id"", ""reference_product_id"", ""client_id"", ""service_performer"", ""shipto_countrycode"", ""employee_id"", ""sla"", ""escalation_date"", ""edi_update_date"", ""created_at"", ""updated_at"", ""imported_at"", ""ods_item_id"", ""product_id"", ""departure_shop_id"", ""quantity"", ""postal_code"" from ""AwsDataCatalog"".""datalake-prod"".""erp_gold_view_daily_ods_ods_items""",2024-04-11T07:38:01.450+02:00,SUCCEEDED,7.17 sec,3.99 GB,Athena engine version 3,
0ee30274-c43c-429c-aafb-7652e55d952d,"select ""contract_id"", ""asset_id"", ""asset_region_sc"", ""bom_id"", ""product_id"", ""quantity"", ""creation_date"", ""imported_at"" from ""AwsDataCatalog"".""datalake-prod"".""erp_gold_view_daily_extract_bom_pierre""",2024-04-11T07:30:02.609+02:00,SUCCEEDED,20.949 sec,5.91 GB,Athena engine version 3,
ce197827-6490-469a-8655-961c5073281b,EXECUTE stmt12923477332 USING cast('Partial' as CHAR(7)),2024-04-11T07:23:14.019+02:00,SUCCEEDED,17.835 sec,5.91 GB,Athena engine version 3,
0d6d1d4b-6947-4157-85d9-8f33e14cfaf9,"SELECT * FROM (select ""contract_id"", ""asset_id"", ""contract_start_date"", ""contract_end_date"", ""asset_start_date"", ""asset_end_date"", ""imported_at"", ""bom_id"", ""implementation_status"", ""storage_location"", ""sla"", ""lat"", ""long"", ""raw_address"", ""bom_product"", ""engineering_change_order"" from ""AwsDataCatalog"".""datalake-prod"".""erp_silver_daily_active_contracts_assets_countries_componants"" WHERE ((""implementation_status"" =  NULL )) ) T LIMIT 0",2024-04-11T07:23:11.161+02:00,SUCCEEDED,2.175 sec,0 MB,Athena engine version 3,
65e64cc1-d333-4aaa-a5b0-74df611d5a98,EXECUTE stmt12923477331 USING cast('001_IP02-WHS_001-EVX' as CHAR(20)),2024-04-11T07:08:02.489+02:00,SUCCEEDED,1.373 sec,20.06 MB,Athena engine version 3,
f898c80d-edfb-41e0-bce9-d7a39891b844,"SELECT * FROM (select ""imported_at"", ""updated_at"", ""created_at"", ""id"", ""locations_id"" from ""AwsDataCatalog"".""datalake-prod"".""erp_gold_view_daily_logistics_areas"" WHERE ((""id"" <>  NULL )) ) T LIMIT 0",2024-04-11T07:08:01.630+02:00,SUCCEEDED,501 ms,0 MB,Athena engine version 3,
a911fd94-a32e-4709-b939-2b464962fd64,SELECT * FROM sf_ad_gold_view_synchro_email_signature_technogroup_users,2024-04-11T07:01:08.385+02:00,SUCCEEDED,4.533 sec,45.86 MB,Athena engine version 3,
0bf39b97-3069-41d3-abf0-95329dddb53c,SELECT * FROM sf_ad_gold_view_synchro_email_signature_evernex_users,2024-04-11T07:00:58.828+02:00,SUCCEEDED,3.808 sec,45.86 MB,Athena engine version 3,
a38bc198-64e9-4832-9ca0-b78e4f4fbadd,SELECT count(*) FROM sf_ad_gold_view_synchro_email_signature_evernex_users,2024-04-11T07:00:49.181+02:00,SUCCEEDED,3.059 sec,45.86 MB,Athena engine version 3,
874f85c0-12d5-45c8-a76a-a4287bf078c8,"select ""id"", ""updated_at"", ""created_at"", ""imported_at"" from ""AwsDataCatalog"".""datalake-prod"".""erp_gold_view_daily_locations""",2024-04-11T07:00:20.841+02:00,SUCCEEDED,923 ms,1.67 MB,Athena engine version 3,
d500728b-981e-41c1-9c75-7b38e3a1818b,SHOW SCHEMAS,2024-04-11T07:00:19.957+02:00,SUCCEEDED,387 ms,0 MB,Athena engine version 3,
f22ad99f-828e-41e8-8ecd-9f824fce77e6,"select ""id"", ""po_id"", ""purchasing_unit_id"", ""total_net_amount"", ""total_net_amount_currency_code"", ""total_tax_amount"", ""total_tax_amount_currency_code"", ""total_gross_amount"", ""total_gross_amount_currency_code"", ""items_id"", ""product_id"", ""ods_id"", ""location_id"", ""ordered_date"", ""updated_at"", ""created_at"", ""imported_at"", ""quantity"" from ""AwsDataCatalog"".""datalake-prod"".""erp_gold_view_daily_purchase_order_purchase_order_item""",2024-04-11T07:00:17.972+02:00,SUCCEEDED,5.985 sec,436.92 MB,Athena engine version 3,
59f27608-58e3-47c6-9b57-7dc5102909cc,SHOW SCHEMAS,2024-04-11T07:00:17.097+02:00,SUCCEEDED,340 ms,0 MB,Athena engine version 3,
757c981d-131e-4361-a2d1-0e4ce68a922a,"select ""id"", ""master_product"", ""child_product"", ""ratio"", ""brand_child"", ""description_child"", ""sap_tomaterial"", ""sap_tomaterialchild"", ""coef"", ""imported_at"", ""updated_at"", ""created_at"" from ""AwsDataCatalog"".""datalake-prod"".""erp_gold_view_daily_equivalences""",2024-04-11T07:00:16.475+02:00,SUCCEEDED,3.615 sec,142.79 MB,Athena engine version 3,
eac2bf13-8e41-45a2-aaa3-ee52f031a34e,"select ""master_product"", ""child_product"", ""coef"", ""updated_date"", ""created_date"" from ""AwsDataCatalog"".""datalake-prod"".""erp_gold_view_daily_products_equivalences""",2024-04-11T07:00:16.076+02:00,SUCCEEDED,5.575 sec,420.22 MB,Athena engine version 3,
33e478d1-86ab-45f2-9341-df5caac38887,SHOW SCHEMAS,2024-04-11T07:00:15.617+02:00,SUCCEEDED,502 ms,0 MB,Athena engine version 3,
dd7fcd0b-7f21-4456-a2b8-f714a0729086,SHOW SCHEMAS,2024-04-11T07:00:15.206+02:00,SUCCEEDED,363 ms,0 MB,Athena engine version 3,
b33f69cd-7ec7-45dc-9535-8940e3bb6dcf,"select ""ods_id"", ""contract_id"", ""client_name"", ""asset_id"", ""ods_created_at"", ""ods_updated_at"", ""ods_item_id"", ""ods_product_id"", ""departure_shop_id"", ""shipto_countrycode"", ""quantity"", ""storage_location"", ""asset_region_sc"", ""bom_product"", ""child_id"", ""imported_at"" from ""AwsDataCatalog"".""datalake-prod"".""erp_gold_view_daily_implementation_performance_vip""",2024-04-11T07:00:13.042+02:00,SUCCEEDED,21.2 sec,7.68 GB,Athena engine version 3,
7bdfb056-7946-47c5-983b-d9c5c2a3e5a2,SHOW SCHEMAS,2024-04-11T07:00:12.189+02:00,SUCCEEDED,320 ms,0 MB,Athena engine version 3,
cd3d9930-aa61-4f61-afcf-ac479473b3e4,"select ""id"", ""po_id"", ""purchasing_unit_id"", ""total_net_amount"", ""total_net_amount_currency_code"", ""total_tax_amount"", ""total_tax_amount_currency_code"", ""total_gross_amount"", ""total_gross_amount_currency_code"", ""items_id"", ""product_id"", ""ods_id"", ""location_id"", ""ordered_date"", ""updated_at"", ""created_at"", ""imported_at"", ""quantity"" from ""AwsDataCatalog"".""datalake-prod"".""erp_gold_view_daily_purchase_order_purchase_order_item""",2024-04-11T07:00:11.252+02:00,SUCCEEDED,8.047 sec,436.92 MB,Athena engine version 3,
d3a78882-f613-4636-83ba-bf5a7d122250,SHOW SCHEMAS,2024-04-11T07:00:10.371+02:00,SUCCEEDED,348 ms,0 MB,Athena engine version 3,
05b84b66-7ad7-453d-95b5-08e89e6d0a30,"select ""id"", ""po_id"", ""ods_id"", ""ods_item_id"", ""product_needed"", ""shipped_product"", ""location_id"", ""buyer"", ""quantity"", ""equivalence"", ""created_at"", ""ship_to_country"", ""asset_bfr"", ""produit_equiv"", ""stock_on_hand"", ""stock_dispo_bfr"", ""last_putaway_date"", ""color"" from ""AwsDataCatalog"".""datalake-prod"".""erp_bronze_view_daily_worst_order""",2024-04-11T07:00:06.829+02:00,SUCCEEDED,22.002 sec,23.69 GB,Athena engine version 3,
9774bb7e-6757-4595-b7f1-d64bcb0cf744,SHOW SCHEMAS,2024-04-11T07:00:05.954+02:00,SUCCEEDED,347 ms,0 MB,Athena engine version 3,
1d001f6c-7da6-4d74-9c0e-3d024757994c,SELECT * FROM sf_sfdc_synchro_view,2024-04-11T06:45:56.760+02:00,SUCCEEDED,3.716 sec,45.86 MB,Athena engine version 3,
669cb026-70ca-4552-bec7-3ba793260359,SELECT count(*) FROM sf_sfdc_synchro_view,2024-04-11T06:45:47.165+02:00,SUCCEEDED,3.629 sec,45.86 MB,Athena engine version 3,
b9df1aa8-dfa3-4e33-bba6-1c3b41829831,"select ""id"", ""location_id"", ""name"", ""parent_location_id"", ""ibp_relevant"", ""company_code"", ""lifecycle_status"", ""lat"", ""long"", ""inventory_type"", ""updated_at"", ""created_at"", ""region_sc"", ""region_ops"", ""region_finance"", ""en-name"", ""code_iso2"", ""imported_at"" from ""AwsDataCatalog"".""datalake-prod"".""erp_gold_view_daily_locations""",2024-04-11T06:30:16.579+02:00,SUCCEEDED,1.174 sec,1.67 MB,Athena engine version 3,
01b585c6-01c1-4567-85e0-33a00a8a415d,"select ""sla"" from ""AwsDataCatalog"".""datalake-prod"".""erp_gold_view_daily_sla""",2024-04-11T06:30:02.212+02:00,SUCCEEDED,5.468 sec,4.31 GB,Athena engine version 3,
b72d8793-e720-4e79-8619-85ac38e893ab,"select ""id"", ""location_id"", ""name"", ""parent_location_id"", ""ibp_relevant"", ""company_code"", ""lifecycle_status"", ""lat"", ""long"", ""inventory_type"", ""updated_at"", ""created_at"", ""region_sc"", ""region_ops"", ""region_finance"", ""en-name"", ""code_iso2"", ""imported_at"" from ""AwsDataCatalog"".""datalake-prod"".""erp_gold_view_daily_locations""",2024-04-11T06:30:01.622+02:00,SUCCEEDED,1.014 sec,1.67 MB,Athena engine version 3,
92970869-1150-41ec-8823-f040c7d71df2,SELECT * FROM erp_gold_view_brockerbin_repatriated_stocks,2024-04-11T06:15:36.684+02:00,SUCCEEDED,8.978 sec,1.67 GB,Athena engine version 3,
d02b6795-b3a2-415b-a8f8-f75a432a0fd4,SELECT * FROM erp_gold_view_brockerbin_standard_stocks,2024-04-11T06:15:19.789+02:00,SUCCEEDED,10.438 sec,1.67 GB,Athena engine version 3,
00a00d10-1b4d-4522-a0c0-235457a1225b,"select ""id"", ""name"", ""type"", ""status"", ""classification"", ""blocked"", ""blocking_reason"", ""transaction_document_blocked"", ""street"", ""postal_code"", ""city"", ""country"", ""id4d"", ""id_cegig"", ""id_salesforce"", ""rebates2022"", ""rebates_rate"", ""uuid"" from ""AwsDataCatalog"".""datalake-prod"".""erp_gold_view_daily_customers""",2024-04-11T06:11:02.334+02:00,SUCCEEDED,1.837 sec,13.28 MB,Athena engine version 3,
4907b993-6b2d-4105-a6f8-8ae459a75cdf,SHOW SCHEMAS,2024-04-11T06:11:01.457+02:00,SUCCEEDED,395 ms,0 MB,Athena engine version 3,
49915dcb-3279-4520-85c1-a9d004d1cc48,"select ""id"", ""name"", ""brand"", ""product_category_technical_name"", ""priority"" from ""AwsDataCatalog"".""datalake-prod"".""erp_gold_view_daily_products""",2024-04-11T06:05:44.042+02:00,SUCCEEDED,3.935 sec,277.43 MB,Athena engine version 3,
65fa3af2-3f1e-4a86-8e07-a51d6dded7fd,"select ""id"", ""ods_id"", ""contract_id"", ""asset_id"", ""reference_product_id"", ""client_id"", ""service_performer"", ""shipto_countrycode"", ""employee_id"", ""sla"", ""escalation_date"", ""edi_update_date"", ""created_at"", ""updated_at"", ""imported_at"", ""ods_item_id"", ""product_id"", ""departure_shop_id"", ""quantity"", ""postal_code"" from ""AwsDataCatalog"".""datalake-prod"".""erp_gold_view_daily_ods_ods_items""",2024-04-11T06:00:17.345+02:00,SUCCEEDED,10.393 sec,3.99 GB,Athena engine version 3,
8b1487cd-d257-4714-b0d0-4b9241f7b98a,"select ""id"", ""formated_name"", ""sorting_name"", ""lifecycle_status"", ""city_name"", ""region_code"", ""region_name"", ""country"", ""code_iso2"", ""sc_region"", ""ops_region"", ""finance_region"" from ""AwsDataCatalog"".""datalake-prod"".""erp_gold_view_daily_suppliers""",2024-04-11T06:00:17.209+02:00,SUCCEEDED,1.356 sec,4.29 MB,Athena engine version 3,
0614962b-7179-44e0-bb76-41de4f48c9d4,SHOW SCHEMAS,2024-04-11T06:00:16.667+02:00,SUCCEEDED,298 ms,0 MB,Athena engine version 3,
98ccd6e3-3dd7-47f5-8c06-228b367886a8,SHOW SCHEMAS,2024-04-11T06:00:16.486+02:00,SUCCEEDED,361 ms,0 MB,Athena engine version 3,
5bc7a227-5d87-45fa-acdd-85d15d8218be,"select ""identified_stock_id"", ""stock_type_id"", ""location_id"", ""logistics_area_id"", ""product_id"", ""price"", ""currency_code"", ""price_location"", ""unrestricted_stock"", ""company_code"", ""last_count_date"", ""last_pick_up_date"", ""last_put_away_date"", ""imported_at"" from ""AwsDataCatalog"".""datalake-prod"".""erp_gold_daily_repatriation_stocks""",2024-04-11T06:00:15.812+02:00,FAILED,3.211 sec,0 MB,Athena engine version 3,
a075e843-848e-4d6a-8686-6d9db23116fb,SHOW SCHEMAS,2024-04-11T06:00:14.932+02:00,SUCCEEDED,340 ms,0 MB,Athena engine version 3,
cb9cb993-e3c6-4d6c-afba-2e6072eb3b4e,EXECUTE stmt539698781 USING cast('Partial' as CHAR(7)),2024-04-11T06:00:10.263+02:00,SUCCEEDED,18.678 sec,5.91 GB,Athena engine version 3,
fa4baa4a-430a-48ea-870e-39c84429aa64,"select ""id"", ""delivery_request_id"", ""delivery_request_item_id"", ""odt_id"", ""odt_item_id"", ""type_code_text"", ""company_code"" from ""AwsDataCatalog"".""datalake-prod"".""erp_gold_view_daily_requested_deliveries_items""",2024-04-11T06:00:07.912+02:00,SUCCEEDED,3.619 sec,344.67 MB,Athena engine version 3,
fd75dc6e-57a2-4921-997c-b995153ff235,"select ""id"", ""name"", ""brand"", ""product_category_technical_name"", ""updated_at"", ""created_at"", ""priority"", ""imported_at"", ""is_equiv"", ""description"", ""productcategoryhierarchy"", ""markcontent"", ""competitorproduct"", ""id4d1"", ""ibpplanningrequired"", ""hscode"", ""id4d"", ""productvaluationlevel"", ""identifiedstocktype"", ""serialidentifierassignmentprofile"" from ""AwsDataCatalog"".""datalake-prod"".""erp_gold_view_daily_products_spaas""",2024-04-11T06:00:07.499+02:00,SUCCEEDED,5.899 sec,277.43 MB,Athena engine version 3,
20023ed6-4e74-4044-b1f2-e66be75ad39b,"SELECT * FROM (select ""contract_id"", ""asset_id"", ""contract_start_date"", ""contract_end_date"", ""asset_start_date"", ""asset_end_date"", ""imported_at"", ""bom_id"", ""implementation_status"", ""storage_location"", ""sla"", ""lat"", ""long"", ""raw_address"", ""bom_product"", ""engineering_change_order"" from ""AwsDataCatalog"".""datalake-prod"".""erp_silver_daily_active_contracts_assets_countries_componants"" WHERE ((""implementation_status"" =  NULL )) ) T LIMIT 0",2024-04-11T06:00:07.440+02:00,SUCCEEDED,1.962 sec,0 MB,Athena engine version 3,
ed674e80-bca3-4769-9e8d-c260105cda33,SHOW SCHEMAS,2024-04-11T06:00:07.032+02:00,SUCCEEDED,377 ms,0 MB,Athena engine version 3,
e61f7502-d4b9-4f2a-9fcc-3cf78855a279,SHOW SCHEMAS,2024-04-11T06:00:06.928+02:00,SUCCEEDED,281 ms,0 MB,Athena engine version 3,
255285c1-b5e9-47c7-9b17-10c7d480f6a7,SHOW SCHEMAS,2024-04-11T06:00:06.855+02:00,SUCCEEDED,321 ms,0 MB,Athena engine version 3,
53c5b317-7f5f-433f-bb06-72c07916e444,"select ""id"", ""item_id"", ""po_id"", ""product_id"", ""cancellation_status"", ""delivery_processing_status"", ""invoice_processing_status"", ""invoicing_status"", ""ordering_status"", ""confirmation_status"", ""delivery_status"", ""company_code"", ""currency_code"", ""total_net_amount"", ""quantity"", ""location_id"", ""ods_id"", ""created_at"", ""updated_at"", ""imported_at"" from ""AwsDataCatalog"".""datalake-prod"".""erp_gold_view_daily_purchase_orders_items""",2024-04-11T06:00:04.916+02:00,SUCCEEDED,6.005 sec,286.79 MB,Athena engine version 3,
54d3be62-0a12-4cab-a7d4-45577227fce7,SHOW SCHEMAS,2024-04-11T06:00:04.048+02:00,SUCCEEDED,369 ms,0 MB,Athena engine version 3,
5eab291f-a446-4813-8790-1cd2e4736e3e,"select ""id"", ""userid"", ""start_date"", ""paycompvalue"", ""paycomponent"", ""compensationfrequency"", ""compensationcurrencycode"", ""imported_at"" from ""AwsDataCatalog"".""datalake-prod"".""sf_view_daily_pay_component""",2024-04-11T05:35:01.314+02:00,SUCCEEDED,1.647 sec,15.35 MB,Athena engine version 3,
e73d9f2b-aeaf-4df3-a3a2-fb60b4644ee8,"select ""contract_id"", ""currency_code"" from ""AwsDataCatalog"".""datalake-prod"".""erp_gold_view_daily_contracts""",2024-04-11T05:32:59.759+02:00,SUCCEEDED,2.86 sec,139.91 MB,Athena engine version 3,
555909aa-c35b-4714-a0a0-7a92172b9d73,"select ""location_id"", ""product_id"", ""price"", ""price_location"", ""stock_on_hand"", ""imported_at"", ""logistics_area_id"" from ""AwsDataCatalog"".""datalake-prod"".""erp_gold_view_daily_stocks""",2024-04-11T05:30:03.987+02:00,SUCCEEDED,7.08 sec,1013.34 MB,Athena engine version 3,
ab65e043-6c46-4c88-98f9-53fcdfb18efd,SHOW SCHEMAS,2024-04-11T05:30:03.127+02:00,SUCCEEDED,321 ms,0 MB,Athena engine version 3,
9d9a298b-cbba-4937-83b7-2dc1c61297db,"select ""id_stock_identifie"", ""productid"", ""identifiedstockpartyid"", ""gestionnaire_de_confirmation"", ""zone_logistique"", ""site"", ""quantity"", ""date_creation"", ""imported_at"" from ""AwsDataCatalog"".""datalake-prod"".""erp_gold_view_entree_en_stock""",2024-04-11T05:30:02.756+02:00,SUCCEEDED,4.042 sec,781.92 MB,Athena engine version 3,
800cec71-0d4e-4774-b610-d9bf830222ff,EXECUTE stmt20979513201 USING cast('001_IP02-WHS_001-EVX' as CHAR(20)),2024-04-11T05:00:17.386+02:00,SUCCEEDED,911 ms,20.06 MB,Athena engine version 3,
493f6267-7a4c-411e-b766-ca043a553628,"SELECT * FROM (select ""id"", ""locations_id"", ""imported_at"" from ""AwsDataCatalog"".""datalake-prod"".""erp_gold_view_daily_logistics_areas"" WHERE ((""id"" <>  NULL )) ) T LIMIT 0",2024-04-11T05:00:16.521+02:00,SUCCEEDED,470 ms,0 MB,Athena engine version 3,
98ee1277-457a-4beb-b3b4-7cfa4f4c923f,SHOW SCHEMAS,2024-04-11T05:00:15.609+02:00,SUCCEEDED,353 ms,0 MB,Athena engine version 3,
628eaf25-bf53-45f2-ae22-63ee00dfed9f,"select ""product_id"", ""logistics_area_id"" from ""AwsDataCatalog"".""datalake-prod"".""erp_gold_view_daily_default_storage_areas""",2024-04-11T05:00:09.703+02:00,SUCCEEDED,2.013 sec,22.49 MB,Athena engine version 3,
e7f7c72e-24b6-427a-bb5a-be478c5d9893,SHOW SCHEMAS,2024-04-11T05:00:08.837+02:00,SUCCEEDED,333 ms,0 MB,Athena engine version 3,
47115275-c4cc-4d1f-b615-c426ce8cad21,"select ""ods_id"", ""contract_id"", ""asset_id"", ""ods_created_at"", ""ods_updated_at"", ""ods_item_id"", ""ods_product_id"", ""departure_shop_id"", ""shipto_countrycode"", ""quantity"", ""quantity_asked"", ""storage_location"", ""bom_product"", ""child_id"", ""imported_at"", ""imple_status"" from ""AwsDataCatalog"".""datalake-prod"".""erp_gold_view_daily_implementation_performance""",2024-04-11T05:00:07.550+02:00,SUCCEEDED,20.162 sec,7.94 GB,Athena engine version 3,
9de11651-8345-43c6-b387-b6f6d3448c84,SHOW SCHEMAS,2024-04-11T05:00:06.679+02:00,SUCCEEDED,344 ms,0 MB,Athena engine version 3,
9f2006af-5e0f-4d80-b87c-2d65a6524f82,EXECUTE stmt8303692061 USING cast('Stock Transfer' as CHAR(14)),2024-04-11T05:00:06.611+02:00,SUCCEEDED,2.364 sec,379.56 MB,Athena engine version 3,
ae22c676-9219-4763-9d19-de4779c7b075,"select ""shipfrom_location"", ""id"", ""odt_id"", ""item_id"", ""odt_item_id"", ""shipfrom_site"", ""shipto_location"", ""shipto_site"", ""creator_name"", ""transactiondocumenttype"", ""confirmationstatus"", ""cancellationstatus"", ""logisticsexecutionblockingstatus"", ""logisticsexecutionprocessingstatus"", ""logisticsexecutionreleasestatus"", ""processingstatus"", ""product_id"", ""confirmed_quantity"", ""fulfilled_quantity"", ""requested_quantity"", ""planned_quentity"", ""imported_at"", ""created_at"", ""updated_at"" from ""AwsDataCatalog"".""datalake-prod"".""erp_gold_view_daily_odt_items""",2024-04-11T05:00:06.552+02:00,SUCCEEDED,8.49 sec,2.26 GB,Athena engine version 3,
0b3e2b15-a277-4822-bdc2-b0c460a77955,"SELECT * FROM (select ""id"", ""delivery_id"", ""tracking_number"", ""cost_center_id"", ""delivery_type"", ""cancellation_status"", ""consistency_status"", ""delivery_status"", ""delivery_note_status"", ""release_status"", ""vendor_id"", ""freightforwarder_id"", ""shipto_id"", ""shipfrom_id"", ""lastchange_name"", ""creation_name"", ""creation_date"", ""imported_at"" from ""AwsDataCatalog"".""datalake-prod"".""erp_gold_view_daily_inbound_delivery"" WHERE ((""delivery_type"" =  NULL )) ) T LIMIT 0",2024-04-11T05:00:05.744+02:00,SUCCEEDED,513 ms,0 MB,Athena engine version 3,
7dac89bd-9f58-4c00-b8be-fad6bc7b10a2,"select ""id_commande_client"", ""reference_externe"", ""motifdannulation"", ""releasestatus"", ""costcenterid"", ""fulfillmentblockingreason"", ""serviceconfirmationcreationtxt"", ""creation_date"", ""imported_at"" from ""AwsDataCatalog"".""datalake-prod"".""erp_gold_view_daily_sales_order""",2024-04-11T05:00:05.737+02:00,SUCCEEDED,1.11 sec,22.11 MB,Athena engine version 3,
4f64d043-7593-4f33-9b6e-c5e90ec74250,SHOW SCHEMAS,2024-04-11T05:00:05.692+02:00,SUCCEEDED,311 ms,0 MB,Athena engine version 3,
e6bcebfe-e020-4a83-a8bc-51c45b3d6017,SHOW SCHEMAS,2024-04-11T05:00:04.865+02:00,SUCCEEDED,403 ms,0 MB,Athena engine version 3,
52844abc-49bb-4771-9151-45578134802f,SHOW SCHEMAS,2024-04-11T05:00:04.806+02:00,SUCCEEDED,350 ms,0 MB,Athena engine version 3,
6cf2342d-76a2-4ebb-93bb-2d0cd0727928,"select ""id"", ""inbound_delivery_id"", ""cancellation_status"", ""consistency_status"", ""release_status"", ""creation_date"", ""lastchange_date"" from ""AwsDataCatalog"".""datalake-prod"".""erp_gold_view_daily_confirmed_inbound_delivery""",2024-04-11T05:00:02.324+02:00,SUCCEEDED,3.734 sec,166.72 MB,Athena engine version 3,
47398246-24f0-4d08-9e98-d2688ea300b3,"select ""id"", ""odt_id"", ""item_id"", ""odt_item_id"", ""shipfrom_site"", ""shipfrom_location"", ""shipto_location"", ""shipto_site"", ""creator_name"", ""transactiondocumenttype"", ""confirmationstatus"", ""cancellationstatus"", ""logisticsexecutionblockingstatus"", ""logisticsexecutionprocessingstatus"", ""logisticsexecutionreleasestatus"", ""processingstatus"", ""product_id"", ""additional_instruction"", ""confirmed_quantity"", ""fulfilled_quantity"", ""requested_quantity"", ""planned_quentity"", ""imported_at"", ""created_at"", ""updated_at"", ""location_product_concat"", ""price"" from ""AwsDataCatalog"".""datalake-prod"".""erp_gold_view_daily_odt_items""",2024-04-11T04:30:03.373+02:00,SUCCEEDED,8.015 sec,2.26 GB,Athena engine version 3,
4bbeba1f-05d2-498a-be51-57ea5c2db100,SHOW SCHEMAS,2024-04-11T04:30:02.499+02:00,SUCCEEDED,394 ms,0 MB,Athena engine version 3,
64937b65-94c1-4279-949e-42dec3b2b26c,"select ""contract_id"", ""asset_id"", ""contract_start_date"", ""contract_end_date"", ""asset_start_date"", ""asset_end_date"", ""asset_storage_location"", ""contract_service_level_code"", ""sla"", ""coverage_sla"", ""implementation_status"", ""time_sla"", ""cat_sla"", ""service_type"", ""reference_product_id"", ""bom_id"", ""lat"", ""long"", ""raw_address"", ""company_code"", ""imported_at"" from ""AwsDataCatalog"".""datalake-prod"".""erp_gold_view_daily_active_contracts_assets_countries""",2024-04-11T04:10:55.847+02:00,SUCCEEDED,12.773 sec,4.31 GB,Athena engine version 3,
42bfe4bd-48bc-4eca-9dff-b4a79b0578a2,"select ""id"", ""contract_id"", ""description"", ""start_date"", ""end_date"", ""creation_date"", ""last_update_date"", ""salesforce_opportunity_id"", ""implementation_status"", ""monthly_check"", ""renew"", ""exept_cut_off"", ""internal_reference"", ""4d_id"", ""renewed_contract_id"", ""service_level_code"", ""employee_responsible"", ""contract_administrator"", ""sales_unit"", ""sales_organisation"", ""distribution_channel"", ""hub_description"", ""hub_email"", ""hub_phone"", ""typology"", ""client_id"", ""cancelation_status"", ""lifecycle_status"", ""processing_status"", ""release_status"", ""validity_status"", ""approval_status"", ""client_name"", ""company_code"", ""target_amount"", ""currency_code"" from ""AwsDataCatalog"".""datalake-prod"".""erp_gold_view_daily_contracts""",2024-04-11T04:07:12.744+02:00,SUCCEEDED,3.507 sec,139.91 MB,Athena engine version 3,
903fcb10-fe2f-4c9b-9de1-822a1b2f9d50,"select ""internalid"", ""description"", ""parent_internalid"", ""imported_at"", ""company_code"" from ""AwsDataCatalog"".""datalake-prod"".""erp_gold_view_daily_product_category""",2024-04-11T04:00:20.115+02:00,SUCCEEDED,706 ms,132.18 KB,Athena engine version 3,
4347368e-1ee9-4943-96a0-796b07c6f6bf,"select ""id"", ""master_product"", ""child_product"", ""ratio"", ""brand_child"", ""description_child"", ""sap_tomaterial"", ""sap_tomaterialchild"", ""coef"", ""imported_at"", ""updated_at"", ""created_at"" from ""AwsDataCatalog"".""datalake-prod"".""erp_gold_view_daily_equivalences""",2024-04-11T04:00:09.631+02:00,SUCCEEDED,2.873 sec,142.79 MB,Athena engine version 3,
aba40db4-fb85-4243-88ba-3afbc358c78c,"select ""id"", ""location_id"", ""name"", ""parent_location_id"", ""ibp_relevant"", ""company_code"", ""lifecycle_status"", ""inventory_type"", ""region_sc"", ""region_ops"", ""region_finance"", ""en-name"", ""code_iso2"" from ""AwsDataCatalog"".""datalake-prod"".""erp_gold_view_daily_locations""",2024-04-11T04:00:06.474+02:00,SUCCEEDED,1.566 sec,1.67 MB,Athena engine version 3,
d1d228a4-2ba7-45cb-b01c-ffa696f57709,"select ""id"", ""item_id"", ""delivery_id"", ""delivery_item_id"", ""cancellation_status"", ""consistency_status"", ""release_status"", ""product_id"", ""quantity"", ""imported_at"", ""creation_date"" from ""AwsDataCatalog"".""datalake-prod"".""erp_gold_view_daily_inbound_delivery_item""",2024-04-11T04:00:06.237+02:00,SUCCEEDED,6.566 sec,856.75 MB,Athena engine version 3,
818c244c-d6d1-4f74-8d2b-671cc8fd830b,"select ""id"", ""contract_id"", ""description"", ""start_date"", ""end_date"", ""creation_date"", ""last_update_date"", ""salesforce_opportunity_id"", ""implementation_status"", ""monthly_check"", ""renew"", ""exept_cut_off"", ""internal_reference"", ""4d_id"", ""renewed_contract_id"", ""service_level_code"", ""employee_responsible"", ""contract_administrator"", ""sales_unit"", ""sales_organisation"", ""distribution_channel"", ""hub_description"", ""hub_email"", ""hub_phone"", ""typology"", ""client_id"", ""cancelation_status"", ""lifecycle_status"", ""processing_status"", ""release_status"", ""validity_status"", ""approval_status"", ""client_name"", ""company_code"", ""target_amount"", ""currency_code"" from ""AwsDataCatalog"".""datalake-prod"".""erp_gold_view_daily_contracts""",2024-04-11T04:00:05.654+02:00,SUCCEEDED,4.056 sec,139.91 MB,Athena engine version 3,
eec22329-0cb5-41db-9365-6cdb40ab1752,"select ""id"", ""business_partner_id"", ""employee_id"", ""formated_name"", ""sorting_name"", ""family_name"", ""first_name"", ""lifecycle_status"", ""gender"", ""nationality_iso2"", ""technical_name"", ""company_code"", ""updated_at"", ""created_at"", ""imported_at"" from ""AwsDataCatalog"".""datalake-prod"".""erp_gold_view_daily_employees""",2024-04-11T04:00:04.825+02:00,SUCCEEDED,815 ms,816.45 KB,Athena engine version 3,
d268e11b-89b2-4bac-bfde-00666f1679fc,SHOW SCHEMAS,2024-04-11T04:00:04.773+02:00,SUCCEEDED,366 ms,0 MB,Athena engine version 3,
866a6cf9-a632-4942-af60-1e502e47d36d,"select ""id"", ""return_to_supplier_id"", ""status"", ""employee"" from ""AwsDataCatalog"".""datalake-prod"".""erp_gold_view_daily_return_to_supplier_incremental_load""",2024-04-11T04:00:03.310+02:00,SUCCEEDED,1.2 sec,1.87 MB,Athena engine version 3,
90a3188c-bf1e-45ea-a5f3-b45d30b4e963,"select ""id"", ""identified_stock_id"", ""external_id"", ""life_cycle_status"", ""firmware_version"", ""test_file_url"", ""os_name"", ""origine_country"", ""test_performed"", ""test_report"", ""product_id"", ""company_code"" from ""AwsDataCatalog"".""datalake-prod"".""erp_gold_view_daily_identified_stocks_incremental_load""",2024-04-11T03:50:01.787+02:00,SUCCEEDED,3.094 sec,573.28 MB,Athena engine version 3,
0c47ea9a-d3b6-4be5-8f7b-1335e5931f9c,"select ""id"", ""ods_id"", ""ods_object"", ""contract_id"", ""asset_id"", ""reference_product_id"", ""serial_id"", ""client_id"", ""external_reference"", ""service_category"", ""priority"", ""closing_reason"", ""sla"", ""salesforce_id"", ""escalation"", ""escalation_reason"", ""escalation_comment"", ""edi_status"", ""klairy_order_id"", ""execution_block"", ""service_execution_team"", ""service_performer"", ""processor"", ""hub_description"", ""hub_phone"", ""hub_mail"", ""cost_center"", ""shipto_countrycode"", ""shipto_cityname"", ""consistency_status"", ""blocking_status"", ""payment_authorization_status"", ""invoicing_blocking_status"", ""release_status"", ""employee_id"", ""id4d"", ""idcegid"", ""vendor_id"", ""ship_to_country"", ""ship_to_sc_region"", ""ship_to_ops_region"", ""ship_to_finance_region"", ""service_performer_name"" from ""AwsDataCatalog"".""datalake-prod"".""erp_gold_view_daily_ods_incremental_load""",2024-04-11T03:48:01.202+02:00,SUCCEEDED,4.222 sec,428.39 MB,Athena engine version 3,
c843242d-dde3-4fd0-9b98-21fd4991d6a9,"select ""contract_id"", ""asset_id"", ""contract_start_date"", ""contract_end_date"", ""asset_start_date"", ""asset_end_date"", ""asset_storage_location"", ""contract_service_level_code"", ""sla"", ""coverage_sla"", ""implementation_status"", ""time_sla"", ""cat_sla"", ""service_type"", ""reference_product_id"", ""bom_id"", ""lat"", ""long"", ""raw_address"", ""company_code"", ""imported_at"" from ""AwsDataCatalog"".""datalake-prod"".""erp_gold_view_daily_active_contracts_assets_countries""",2024-04-11T03:43:01.581+02:00,SUCCEEDED,10.932 sec,4.31 GB,Athena engine version 3,
b52f1510-9488-46c8-8187-53770a003eaf,"select ""service_type"" from ""AwsDataCatalog"".""datalake-prod"".""erp_gold_view_daily_asset_service_type""",2024-04-11T03:40:01.454+02:00,SUCCEEDED,3.061 sec,1.54 GB,Athena engine version 3,
a4e7878d-6bcb-4b62-b315-8cbb782432e7,"SELECT DISTINCT (purchasing_unit_id)
FROM ""datalake-prod"".""erp_gold_view_daily_purchase_orders""",2024-04-11T03:39:02.073+02:00,SUCCEEDED,2.159 sec,150.13 MB,Athena engine version 3,
a9e2c9b3-681c-4572-9c6a-6354a2be4584,SHOW SCHEMAS,2024-04-11T03:39:01.520+02:00,SUCCEEDED,314 ms,0 MB,Athena engine version 3,
6f5c2b49-b0e9-421a-9854-07917e4839ed,"select ""id"", ""ods_id"", ""item_id"", ""ods_item_id"", ""product_descr"", ""product_id"", ""asked_product_descr"", ""cost_center"", ""ship_from"", ""departure_shop_id"", ""departure_shop_desc"", ""additional_instructions"", ""product_replacement"", ""item_type"", ""type"", ""uuid"", ""buyer_id"", ""vendor_id"", ""equivalent_authorized"", ""quantity"", ""cancellation_status"", ""consistency_status"", ""status"", ""service_status"", ""delivery_status"", ""invoice_status"", ""product_availability_status"", ""imported_at"", ""description"", ""priority"" from ""AwsDataCatalog"".""datalake-prod"".""erp_gold_view_daily_ods_items_description""",2024-04-11T03:36:01.288+02:00,SUCCEEDED,5.23 sec,539.43 MB,Athena engine version 3,
ff7c74b2-ca5b-4b6f-ab1e-558833b832c3,"select ""id"", ""location_id"", ""name"", ""parent_location_id"", ""ibp_relevant"", ""company_code"", ""street_name"", ""streetname_2"", ""houseadresse"", ""streetname_3"", ""streetname_4"", ""postal_code"", ""city_name"", ""street_name_additional"", ""lifecycle_status"", ""lat"", ""long"", ""inventory_type"", ""updated_at"", ""created_at"", ""region_sc"", ""region_ops"", ""region_finance"", ""en-name"", ""code_iso2"", ""imported_at"" from ""AwsDataCatalog"".""datalake-prod"".""erp_gold_view_daily_locations""",2024-04-11T03:35:02.550+02:00,SUCCEEDED,1.056 sec,1.67 MB,Athena engine version 3,
c2b4be21-2209-4c29-966d-3f19e40f50e9,SHOW SCHEMAS,2024-04-11T03:35:01.678+02:00,SUCCEEDED,338 ms,0 MB,Athena engine version 3,
782d994f-af3d-47c1-8886-95fa626dcd40,"select ""location_id"", ""name"", ""parent_location_id"", ""ibp_relevant"", ""lifecycle_status"", ""inventory_type"", ""region_sc"", ""en-name"", ""code_iso2"" from ""AwsDataCatalog"".""datalake-prod"".""erp_gold_view_daily_locations""",2024-04-11T03:34:01.327+02:00,SUCCEEDED,1.12 sec,1.67 MB,Athena engine version 3,
a4530cfc-85ee-4c84-b6e0-791566f065aa,"select ""time_sla"" from ""AwsDataCatalog"".""datalake-prod"".""erp_gold_view_daily_time_sla""",2024-04-11T03:30:04.382+02:00,SUCCEEDED,2.447 sec,1.54 GB,Athena engine version 3,
b31579ee-fbe3-40da-bbcc-1a8932d039c2,SHOW SCHEMAS,2024-04-11T03:30:03.468+02:00,SUCCEEDED,328 ms,0 MB,Athena engine version 3,
b163596a-37fc-406f-9bc0-08581a85ce67,"select ""id"", ""name"", ""brand"", ""product_category_technical_name"", ""updated_at"", ""created_at"", ""priority"", ""imported_at"", ""is_equiv"", ""description"" from ""AwsDataCatalog"".""datalake-prod"".""erp_gold_view_daily_products""",2024-04-11T03:30:03.345+02:00,SUCCEEDED,3.602 sec,277.43 MB,Athena engine version 3,
23274181-dfe7-4a8b-a9c5-2ef61939e2e7,"select ""location_id"", ""product_id"", ""currency_code"" from ""AwsDataCatalog"".""datalake-prod"".""erp_gold_view_daily_product_prices_incremental_load""",2024-04-11T03:30:02.784+02:00,SUCCEEDED,2.302 sec,879.74 MB,Athena engine version 3,
a58fbadb-b0bd-45d9-ad8d-bb27426462e9,SHOW SCHEMAS,2024-04-11T03:30:02.444+02:00,SUCCEEDED,388 ms,0 MB,Athena engine version 3,
c821630b-dbaf-4fc2-a0fc-b010c97dd1d0,"select ""child_product"" from ""AwsDataCatalog"".""datalake-prod"".""erp_gold_view_daily_equivalences""",2024-04-11T03:30:01.869+02:00,SUCCEEDED,1.699 sec,142.79 MB,Athena engine version 3,
341d6ee7-7d2a-4f67-a2f9-318efa52fbad,SHOW SCHEMAS,2024-04-11T03:30:01.804+02:00,SUCCEEDED,435 ms,0 MB,Athena engine version 3,
df903a29-f905-4cce-a5da-4c50d25047f3,"select ""id"", ""item_id"", ""return_to_supplier_id"", ""cancellation_status"", ""delivery_processing_status"", ""rejection_status"", ""product_id"" from ""AwsDataCatalog"".""datalake-prod"".""erp_gold_view_daily_return_to_supplier_item_incremental_load""",2024-04-11T03:12:01.279+02:00,SUCCEEDED,1.253 sec,2.77 MB,Athena engine version 3,
e44da978-52bb-4855-9105-df4d03436363,"select ""physical_inventory_count_id"", ""id"", ""location_id"", ""counting_method_type"", ""processing_status"" from ""AwsDataCatalog"".""datalake-prod"".""erp_gold_daily_physical_inventory_count_incremental_load""",2024-04-11T03:00:32.127+02:00,SUCCEEDED,1.424 sec,5.67 MB,Athena engine version 3,
d70d8298-d1dc-497e-bd1c-769b9ad867f8,EXECUTE stmt1305514811 USING cast('001_IP02-WHS_001-EVX' as CHAR(20)),2024-04-11T03:00:29.154+02:00,SUCCEEDED,1.048 sec,20.06 MB,Athena engine version 3,
5726f444-f772-4e9f-acaf-7b59ffec50b4,"SELECT * FROM (select ""id"", ""logistic_area_id"", ""name"", ""lifecycle_status"", ""locations_id"", ""company_code"" from ""AwsDataCatalog"".""datalake-prod"".""erp_gold_view_daily_logistics_areas"" WHERE ((""id"" <>  NULL )) ) T LIMIT 0",2024-04-11T03:00:28.292+02:00,SUCCEEDED,528 ms,0 MB,Athena engine version 3,
b025b3d2-3668-434a-9a10-32ef6582ec79,"select ""id"", ""po_id"", ""approval_status"", ""cancellation_status"", ""consistency_status"", ""data_entry_processing_status"", ""delivery_processing_status"", ""invoice_processing_status"", ""invoicing_status"", ""ordering_status"", ""confirmation_status"", ""delivery_status"", ""lifecylcle_status"", ""company_code"", ""command_title"", ""purchasing_unit_id"", ""supplier_id"", ""supplier_name"", ""responsible_buyer_id"", ""responsible_buyer_name"", ""billed_society_id"", ""tracking_number"", ""freight_contract"", ""total_net_amount"", ""total_net_amount_currency_code"", ""total_tax_amount"", ""total_tax_amount_currency_code"", ""total_gross_amount"", ""total_gross_amount_currency_code"", ""reception_id"", ""ordered_date"", ""updated_at"", ""created_at"", ""imported_at"" from ""AwsDataCatalog"".""datalake-prod"".""erp_gold_view_daily_purchase_orders""",2024-04-11T03:00:27.819+02:00,SUCCEEDED,3.996 sec,150.13 MB,Athena engine version 3,
bfd945cc-bf2e-4e9d-827f-ecfe9fa4afe9,SHOW SCHEMAS,2024-04-11T03:00:26.943+02:00,SUCCEEDED,326 ms,0 MB,Athena engine version 3,
15873a0d-2c61-4f44-a22a-28091ee1236e,"select ""id"", ""master_product"", ""child_product"", ""ratio"", ""brand_child"", ""description_child"", ""sap_tomaterial"", ""sap_tomaterialchild"", ""coef"", ""imported_at"", ""updated_at"", ""created_at"" from ""AwsDataCatalog"".""datalake-prod"".""erp_gold_view_daily_equivalences""",2024-04-11T03:00:24.467+02:00,SUCCEEDED,2.792 sec,142.79 MB,Athena engine version 3,
f1440413-95cd-43d4-8627-63f7b75d293f,SHOW SCHEMAS,2024-04-11T03:00:23.939+02:00,SUCCEEDED,321 ms,0 MB,Athena engine version 3,
7f75b0f2-9d39-4bc4-b1d6-81a2a287ece8,"select ""id"", ""asset_id"", ""description"", ""lifecycle_status"", ""bom_id"", ""firmware"", ""storage_location"", ""os"", ""implementation_status"", ""category"", ""brand"", ""serial_number"", ""uuid"", ""reference_product_id"", ""postal_code"", ""street_name"", ""city_name"", ""country_code_iso2"", ""raw_address"", ""creation_date"", ""last_update_date"", ""imported_at"", ""region_sc"", ""region_ops"", ""region_finance"", ""country_name"", ""asset_region_sc"", ""asset_region_ops"", ""asset_region_region_finance"" from ""AwsDataCatalog"".""datalake-prod"".""erp_gold_view_daily_assets_incremental_load""",2024-04-11T03:00:20.234+02:00,SUCCEEDED,5.417 sec,2.63 GB,Athena engine version 3,
d78505d5-7012-4683-ad77-b5d950004a42,SHOW SCHEMAS,2024-04-11T03:00:19.382+02:00,SUCCEEDED,382 ms,0 MB,Athena engine version 3,
21865970-7d83-4e58-b65c-6a27e4e5af86,"select ""id"", ""contract_id"", ""description"", ""start_date"", ""end_date"", ""creation_date"", ""last_update_date"", ""salesforce_opportunity_id"", ""implementation_status"", ""monthly_check"", ""renew"", ""exept_cut_off"", ""internal_reference"", ""4d_id"", ""renewed_contract_id"", ""service_level_code"", ""employee_responsible"", ""contract_administrator"", ""sales_unit"", ""sales_organisation"", ""distribution_channel"", ""hub_description"", ""hub_email"", ""hub_phone"", ""typology"", ""client_id"", ""external_reference"", ""cancelation_status"", ""lifecycle_status"", ""processing_status"", ""release_status"", ""validity_status"", ""approval_status"", ""objectid"", ""client_name"", ""invoicing_term"", ""invoicing_frequency"", ""company_code"", ""target_amount"", ""currency_code"", ""quote_number"", ""imported_at"" from ""AwsDataCatalog"".""datalake-prod"".""erp_gold_view_daily_contracts_incremental_load""",2024-04-11T03:00:16.232+02:00,SUCCEEDED,2.095 sec,139.91 MB,Athena engine version 3,
6313583e-09aa-48e7-ab46-844c57f4a891,"select ""coverage_sla"" from ""AwsDataCatalog"".""datalake-prod"".""erp_gold_view_daily_coverage_sla""",2024-04-11T03:00:15.594+02:00,SUCCEEDED,3.489 sec,1.54 GB,Athena engine version 3,
84b29915-052b-4914-a0c1-b808d07df988,SHOW SCHEMAS,2024-04-11T03:00:15.314+02:00,SUCCEEDED,350 ms,0 MB,Athena engine version 3,
ee6b6c26-06c3-45cc-a78b-c5c30ce5f497,SHOW SCHEMAS,2024-04-11T03:00:15.045+02:00,SUCCEEDED,330 ms,0 MB,Athena engine version 3,
0138f976-798f-4e09-b521-5061900676b3,"select ""id"", ""po_id"", ""approval_status"", ""cancellation_status"", ""consistency_status"", ""data_entry_processing_status"", ""delivery_processing_status"", ""invoice_processing_status"", ""invoicing_status"", ""ordering_status"", ""confirmation_status"", ""delivery_status"", ""lifecylcle_status"", ""company_code"", ""command_title"", ""purchasing_unit_id"", ""supplier_id"", ""supplier_name"", ""responsible_buyer_id"", ""responsible_buyer_name"", ""billed_society_id"", ""tracking_number"", ""freight_contract"", ""total_net_amount_currency_code"" from ""AwsDataCatalog"".""datalake-prod"".""erp_gold_view_daily_purchase_orders""",2024-04-11T03:00:11.635+02:00,SUCCEEDED,4.406 sec,150.13 MB,Athena engine version 3,
40b581da-2b48-4050-b465-4b0d2a438797,SHOW SCHEMAS,2024-04-11T03:00:10.764+02:00,SUCCEEDED,377 ms,0 MB,Athena engine version 3,
69ebe77b-8b96-41ba-8a29-24dcd7b17275,"select ""id"", ""delivery_id"", ""delivery_item_id"", ""product_id"", ""consistency_status"", ""cancellation_status"", ""origin_country_id"", ""departure_shop"", ""departure_shop_desc"", ""additionnal_instructions"", ""company_code"" from ""AwsDataCatalog"".""datalake-prod"".""erp_gold_view_daily_deliveries_items""",2024-04-11T03:00:10.515+02:00,SUCCEEDED,8.147 sec,2.25 GB,Athena engine version 3,
489cf716-5128-4e24-96d6-c26eb2913596,SHOW SCHEMAS,2024-04-11T03:00:09.623+02:00,SUCCEEDED,334 ms,0 MB,Athena engine version 3,
488f7356-487f-4a67-b8ef-37c90afa95d2,"select ""master_product_id"", ""is_equiv"", ""ratio"", ""coef"", ""identified_stock_id"", ""stock_type_id"", ""location_id"", ""logistics_area_id"", ""product_id"", ""price"", ""currency_code"", ""price_location"", ""stock_on_hand"", ""inspected"", ""restricted"", ""company_code"", ""last_count_date"", ""last_pickup_date"", ""last_putaway_date"", ""imported_at"" from ""AwsDataCatalog"".""datalake-prod"".""erp_gold_view_daily_stocks_product_and_equivalences""",2024-04-11T03:00:07.885+02:00,SUCCEEDED,17.967 sec,1.40 GB,Athena engine version 3,
0085872e-979c-46bf-925d-be981514e898,"select ""location_id"", ""name"", ""parent_location_id"", ""lifecycle_status"", ""inventory_type"", ""region_sc"", ""en-name"", ""code_iso2"" from ""AwsDataCatalog"".""datalake-prod"".""erp_gold_view_daily_locations""",2024-04-11T03:00:06.172+02:00,SUCCEEDED,1.69 sec,1.67 MB,Athena engine version 3,
993f4714-0cde-4882-b493-eaf9c263c393,SHOW SCHEMAS,2024-04-11T03:00:05.287+02:00,SUCCEEDED,370 ms,0 MB,Athena engine version 3,
66abe9bf-33bc-4289-bdc0-000e8ff9fdde,"select ""cat_sla"" from ""AwsDataCatalog"".""datalake-prod"".""erp_gold_view_daily_cat_sla""",2024-04-11T03:00:03.807+02:00,SUCCEEDED,2.421 sec,1.54 GB,Athena engine version 3,
f66bc855-1a68-40cf-9b36-bed94eaf9a12,SHOW SCHEMAS,2024-04-11T03:00:02.859+02:00,SUCCEEDED,454 ms,0 MB,Athena engine version 3,
ac95e150-0d9d-478c-a258-1ea76f36d782,"select ""id"", ""name"", ""brand"", ""product_category_technical_name"", ""updated_at"", ""created_at"", ""priority"", ""imported_at"", ""is_equiv"", ""description"" from ""AwsDataCatalog"".""datalake-prod"".""erp_gold_view_daily_products""",2024-04-11T01:20:02.700+02:00,SUCCEEDED,4.361 sec,276.91 MB,Athena engine version 3,
7f3f186a-2a92-4ef9-86d4-b5cd2e53fd43,SHOW SCHEMAS,2024-04-11T01:20:01.753+02:00,SUCCEEDED,362 ms,0 MB,Athena engine version 3,
91f6405f-5923-4622-a744-3794893597fd,"select ""urgence"", ""sla"" from ""AwsDataCatalog"".""datalake-prod"".""erp_gold_view_daily_sla_urgence""",2024-04-11T01:00:19.140+02:00,SUCCEEDED,5.861 sec,4.31 GB,Athena engine version 3,
7fe307af-9328-471d-9c9c-ec56d4a1995b,SHOW SCHEMAS,2024-04-11T01:00:18.154+02:00,SUCCEEDED,332 ms,0 MB,Athena engine version 3,
2e806719-4dfb-4326-871d-726851d38200,"select ""raw_country"", ""fr-name"", ""en-name"", ""region_sc"", ""region_ops"", ""region_finance"" from ""AwsDataCatalog"".""datalake-prod"".""erp_view_daily_country_equvalences_complete""",2024-04-10T20:30:03.760+02:00,SUCCEEDED,782 ms,52.69 KB,Athena engine version 3,
6dae5c52-ea99-4bde-a927-28742faba794,SHOW SCHEMAS,2024-04-10T20:30:02.784+02:00,SUCCEEDED,499 ms,0 MB,Athena engine version 3,
d3921e1d-59c3-4c03-ba94-fc6e61d6749b,"SELECT * FROM ""datalake-prod"".""erp_gold_view_daily_contracts_assets_countries"" 
WHERE contract_id LIKE 'CB4795002A%'",2024-04-10T18:06:31.528+02:00,SUCCEEDED,5.006 sec,4.31 GB,Athena engine version 3,
e9051fe6-3fd3-4eea-95c3-2f242c6fbefd,"SELECT * FROM ""datalake-prod"".""erp_gold_view_daily_contracts_assets_countries"" 
WHERE contract_id = 'CB4795002A%'",2024-04-10T18:06:17.449+02:00,SUCCEEDED,4.567 sec,4.31 GB,Athena engine version 3,
5fdca3f0-740e-46a3-a8b4-cd1db887fb59,"SELECT * FROM ""datalake-prod"".""erp_gold_view_daily_contracts_assets_countries"" limit 10",2024-04-10T18:06:00.484+02:00,SUCCEEDED,4.781 sec,3.37 GB,Athena engine version 3,
ef15a85d-8409-478c-bb50-5a3150ace229,"SELECT * FROM ""datalake-prod"".""erp_gold_daily_asset_coverage"" 
WHERE contract_id LIKE 'CB4795002A%'",2024-04-10T18:00:21.042+02:00,SUCCEEDED,15.942 sec,7.31 GB,Athena engine version 3,
99fb8751-8df2-4383-9c1d-75b49cf173c7,"SELECT * FROM ""datalake-prod"".""erp_gold_daily_active_asset_coverage"" 
WHERE contract_id LIKE 'CB4795002A%'",2024-04-10T17:58:51.164+02:00,SUCCEEDED,16.557 sec,7.44 GB,Athena engine version 3,
af921031-ebfa-44db-aece-9c163f3e1eba,"SELECT * FROM ""datalake-prod"".""erp_gold_daily_active_asset_coverage"" limit 10",2024-04-10T17:58:26.270+02:00,SUCCEEDED,18.25 sec,7.44 GB,Athena engine version 3,
d61d9edb-075a-4a10-a328-11e57b078289,"SELECT * FROM ""datalake-prod"".""byd_bronze_daily_customer_return"" limit 10",2024-04-10T14:45:14.244+02:00,SUCCEEDED,566 ms,438.83 KB,Athena engine version 3,
bd804956-95be-4504-8db4-8b3e51d4dc69,"CREATE OR REPLACE VIEW ""byd_bronze_daily_customer_return""
AS select

id
,itemlistfulfilmentprocessingstatuscodetext  statut_dentree
,itemlistcustomerreturnlifecyclestatuscodetext  statut
,itemlistinvoiceprocessingstatuscodetext  statut_de_lavoir


FROM ""byd_table_daily_customer_return""",2024-04-10T14:45:03.664+02:00,SUCCEEDED,515 ms,0 MB,Athena engine version 3,
13a2b05e-3582-4f06-94d9-c63a1dc9e96d,"CREATE OR REPLACE VIEW ""byd_bronze_daily_customer_return""
AS select

id
,itemlistfulfilmentprocessingstatuscodetext
,itemlistcustomerreturnlifecyclestatuscodetext
,itemlistinvoiceprocessingstatuscodetext
,CAST(DateTime as timestamp) 


FROM ""byd_table_daily_customer_return""",2024-04-10T14:44:47.060+02:00,FAILED,345 ms,0 MB,Athena engine version 3,
cb4b941a-2fdc-42f1-b40f-0ad5e504c8d5,"CREATE OR REPLACE VIEW ""byd_bronze_daily_customer_return""
AS select

id
,itemlistfulfilmentprocessingstatuscodetext  statut_dentree
,itemlistcustomerreturnlifecyclestatuscodetext  statut
,itemlistinvoiceprocessingstatuscodetext  statut_de_lavoir
,CAST(DateTime as timestamp) 


FROM ""byd_table_daily_customer_return""",2024-04-10T14:44:28.490+02:00,FAILED,320 ms,0 MB,Athena engine version 3,
18d9e90a-eda0-4841-ac0e-3beffb4f394b,"CREATE OR REPLACE VIEW ""byd_bronze_daily_customer_return""
AS select

id
,itemlistfulfilmentprocessingstatuscodetext 
,itemlistcustomerreturnlifecyclestatuscodetext
,itemlistinvoiceprocessingstatuscodetext



FROM ""byd_table_daily_customer_return""",2024-04-10T14:44:11.213+02:00,SUCCEEDED,556 ms,0 MB,Athena engine version 3,
7a405892-321a-48d4-b82f-4bcfbdcca86c,"CREATE OR REPLACE VIEW ""byd_bronze_daily_customer_return""
AS select

id
,itemlistfulfilmentprocessingstatuscodetext AS statut_dentree
,itemlistcustomerreturnlifecyclestatuscodetext AS statut
,itemlistinvoiceprocessingstatuscodetext AS statut_de_lavoir
,CAST(DateTime as timestamp) 


FROM ""byd_table_daily_customer_return""",2024-04-10T14:43:54.210+02:00,FAILED,312 ms,0 MB,Athena engine version 3,
b4db3922-52ec-46c8-9740-d5a63e6b054f,"CREATE OR REPLACE VIEW ""byd_bronze_daily_customer_return""
AS select

id
,itemlistfulfilmentprocessingstatuscodetext AS statut_dentree
,itemlistcustomerreturnlifecyclestatuscodetext AS statut
,itemlistinvoiceprocessingstatuscodetext AS statut_de_lavoir
,CAST(DateTime as timestamp) 


FROM ""byd_table_daily_customer_return""",2024-04-10T14:43:24.371+02:00,FAILED,394 ms,0 MB,Athena engine version 3,
141e1dbe-442f-4e36-b004-53b6ddbe0493,"CREATE OR REPLACE VIEW ""byd_bronze_daily_customer_return""
AS select

id
,itemlistfulfilmentprocessingstatuscodetext statut_dentree
,itemlistcustomerreturnlifecyclestatuscodetext statut
,itemlistinvoiceprocessingstatuscodetext statut_de_lavoir
,CAST(DateTime as timestamp) 


FROM ""byd_table_daily_customer_return""",2024-04-10T14:43:08.765+02:00,FAILED,399 ms,0 MB,Athena engine version 3,
e94eff21-af45-447a-a4eb-aad242609365,"CREATE OR REPLACE VIEW ""byd_bronze_daily_customer_return""
AS select

id
,ItemListFulfilmentProcessingStatusCodeText statut_dentree
,ItemListCustomerReturnLifeCycleStatusCodeText statut
,ItemListInvoiceProcessingStatusCodeText statut_de_lavoir
,CAST(DateTime as timestamp) 


FROM ""byd_table_daily_customer_return""",2024-04-10T14:42:19.159+02:00,FAILED,348 ms,0 MB,Athena engine version 3,
01e11a37-db8d-4c57-ba92-0203f30063dd,"EXECUTE stmt20368483171 USING cast('Ready for departure - Mitry' as CHAR(27)), cast('Ready for pick-up - Mitry' as CHAR(25)), cast('Ready for departure - Massy' as CHAR(27)), cast('Ready for pick-up - Massy' as CHAR(25))",2024-04-10T14:19:07.474+02:00,SUCCEEDED,7.161 sec,2.25 GB,Athena engine version 3,
03e5ce89-7f56-4978-b623-7dcbdd25dacb,"SELECT * FROM (select ""id"", ""delivery_id"", ""item_id"", ""delivery_item_id"", ""packagingstatus"", ""processingstatus"", ""product_id"", ""consistency_status"", ""cancellation_status"", ""origin_country_id"", ""origin_country"", ""departure_shop"", ""departure_shop_desc"", ""sales_unit"", ""customs_value"", ""customs_value_unit"", ""asked_product_id"", ""asked_product_desc"", ""bu_product"", ""employee_id"", ""identified_stock"", ""hs_code"", ""asked_product_quantity"", ""asked_product_quantity_unit"", ""delivery_schedule"", ""expedition_type"", ""equivalent_authorized"", ""asked_firmware"", ""asked_os"", ""parent_document_id"", ""parent_document_type"", ""additionnal_instructions"", ""deliverie_request_id"", ""deliverie_request_item_id"", ""company_code"", ""imported_at"", ""shipping_date"" from ""AwsDataCatalog"".""datalake-prod"".""erp_gold_view_daily_deliveries_items"" WHERE ((""packagingstatus"" =  NULL  OR ""packagingstatus"" =  NULL  OR ""packagingstatus"" =  NULL  OR ""packagingstatus"" =  NULL )) ) T LIMIT 0",2024-04-10T14:19:04.637+02:00,SUCCEEDED,1.345 sec,0 MB,Athena engine version 3,
e470648c-4fe0-4124-8d96-5e9b28736bd6,SELECT * FROM erp_gold_view_brockerbin_repatriated_stocks,2024-04-10T14:15:53.743+02:00,SUCCEEDED,9.068 sec,1.67 GB,Athena engine version 3,
dcc72c5b-0b2c-4f33-bc8a-4b5a12b29d5c,SELECT * FROM erp_gold_view_brockerbin_standard_stocks,2024-04-10T14:15:36.839+02:00,SUCCEEDED,10.936 sec,1.67 GB,Athena engine version 3,
f7ede0e8-763c-41fc-ad7d-67eee3025934,"select ""id"", ""buyerid"", ""employee_responsible"", ""costcenter"", ""partyid"", ""partyid17"", ""partyid18"", ""description"", ""lifecyclestatus"", ""shipfrom"", ""additionalinstruction"", ""product_id"", ""product_description"", ""product_replacement"", ""product_quantity"", ""confirmed_quantity"", ""crl_cqireleasedforcastmargincontent_sdk"", ""netamount"", ""currency"", ""imported_at"", ""creation_date"" from ""AwsDataCatalog"".""datalake-prod"".""erp_gold_view_daily_sales_order_items""",2024-04-10T14:09:02.525+02:00,SUCCEEDED,3.349 sec,155.22 MB,Athena engine version 3,
b4f136b3-80c0-4d1f-855b-8136fb1b758d,"select ""costcenter"", ""id"", ""buyerid"", ""employee_responsible"", ""partyid"", ""partyid17"", ""partyid18"", ""description"", ""lifecyclestatus"", ""shipfrom"", ""additionalinstruction"", ""product_id"", ""product_description"", ""product_replacement"", ""product_quantity"", ""confirmed_quantity"", ""crl_cqireleasedforcastmargincontent_sdk"", ""netamount"", ""currency"", ""imported_at"", ""creation_date"" from ""AwsDataCatalog"".""datalake-prod"".""erp_gold_view_daily_sales_order_items""",2024-04-10T13:56:54.214+02:00,SUCCEEDED,4.348 sec,155.22 MB,Athena engine version 3,
3033a4d3-7396-4fd7-b9d4-40a431d57d98,"SELECT * FROM ""datalake-prod"".""erp_gold_view_daily_sales_order_items"" limit 10",2024-04-10T13:55:06.843+02:00,SUCCEEDED,1.485 sec,13.05 MB,Athena engine version 3,
043a838b-f65b-4b2a-a77f-ce9f7bbaf7af,"SELECT CustomerOrderLifeCycleStatusCodeText FROM ""datalake-prod"".""byd_table_daily_sales_order_item"" limit 10",2024-04-10T13:54:59.654+02:00,SUCCEEDED,797 ms,41.52 MB,Athena engine version 3,
a4bcd28a-1742-4fd3-b4a9-216b4246e20e,"SELECT CustomerOrderLifeCycleStatusCodeText FROM ""datalake-prod"".""byd_table_daily_sales_order_item"" limit 10",2024-04-10T13:49:47.223+02:00,SUCCEEDED,563 ms,3.30 MB,Athena engine version 3,
baa0af8c-19c7-424a-9b3f-55f8f0b76a27,"SELECT byd_table_daily_sales_order_item FROM ""datalake-prod"".""byd_table_daily_sales_order_item"" limit 10",2024-04-10T13:49:35.384+02:00,FAILED,135 ms,0 MB,Athena engine version 3,
5ba194ee-0702-49c9-b14e-1c4f37734621,"SELECT * FROM ""datalake-prod"".""byd_table_daily_sales_order_item"" limit 10",2024-04-10T13:49:28.643+02:00,SUCCEEDED,1.004 sec,16.18 MB,Athena engine version 3,
af1f5e94-5d08-4b0b-9671-0db44705a555,"SELECT DISTINCT CustomerOrderLifeCycleStatusCodeText  FROM ""byd_table_daily_sales_order_item""",2024-04-10T13:49:18.134+02:00,SUCCEEDED,1.029 sec,148.11 MB,Athena engine version 3,
2cf64675-f7d7-47a2-96ad-a85a6b4c50e6,"SELECT * FROM ""datalake-prod"".""byd_table_daily_sales_order_item"" limit 10",2024-04-10T13:47:36.640+02:00,SUCCEEDED,985 ms,10.78 MB,Athena engine version 3,
4a38c846-0bd0-46ff-b598-781410ac8e7a,"SELECT DISTINCT lifecyclestatus FROM ""erp_gold_view_daily_sales_order_items""",2024-04-10T13:47:14.181+02:00,SUCCEEDED,1.363 sec,148.11 MB,Athena engine version 3,
1e2b9e89-c5d2-400d-acfe-b0256f931760,"SELECT DISTINCT lifecyclestatus FROM ""erp_gold_view_daily_sales_order_items""",2024-04-10T13:45:53.376+02:00,FAILED,508 ms,0 MB,Athena engine version 3,
ece57496-33df-4dd1-aeea-2c919007b832,"SELECT DISTINCT lifecyclestatus FROM ""erp_gold_view_daily_sales_order_items""",2024-04-10T13:45:45.081+02:00,FAILED,446 ms,0 MB,Athena engine version 3,
9d02a543-d095-4693-adc8-4267cc16658f,"CREATE OR REPLACE VIEW ""byd_bronze_view_sales_order_items"" AS 
SELECT
  ""json_extract_scalar""(salesorder, '$.id') ID
, id item_id
, ""json_extract_scalar""(salesorder, '$.partyid18') PartyID18
, ""json_extract_scalar""(salesorder, '$.buyerid') BuyerID
, ""json_extract_scalar""(salesorder, '$.datetime') DateTime
, ""json_extract_scalar""(salesorder, '$.crl_cqcostcenterid_sdk') CostCenter
, ""json_extract_scalar""(salesorder, '$.crl_cqreleasestatuscodeprd_sdktext') ReleaseStatus
, CustomerOrderLifeCycleStatusCodeText LifeCycleStatus
, JSON_EXTRACT_SCALAR(salesorderpriceandtaxcalculationitem, '$.salesorderitemmainprice.calculatedamount') NetAmount
, ""json_extract_scalar""(salesorder, '$.partyid') PartyID
, ""json_extract_scalar""(salesorder, '$.partyid16') employee_responsible
, ""json_extract_scalar""(salesorder, '$.partyid17') PartyID17
, CustomerOrderLifeCycleStatusCodeText lifecyclestatus
, Description
, CRL_CQIReleasedForcastMargincontent_SDK
, CRL_CQIAskedProductDesc_SDK Product_description
, CRL_SOIShipFromcontent_SDK shipfrom
, CRL_CQIIAdditionalInstruction_SDK AdditionalInstruction
, CRL_CQIAskedProductInternalIDcontent_SDK product_id
, CRL_CQIProductReplacementPrd_SDK product_replacement
, CRL_CQIAskedProductQuantitycontent_SDK product_quantity
, FulfilledQuantity confirmed_quantity
, JSON_EXTRACT_SCALAR(salesorderpriceandtaxcalculationitem, '$.salesorderitemmainprice.currencycode10') currency
, ""from_unixtime""(CAST(""substring""(""json_extract_scalar""(salesorder, '$.creationdatetime'), 7, 10) AS double)) creation_date
, ""from_iso8601_date""(""regexp_extract""(""$path"", '\d\d\d\d-[0-1]\d-[0-3]\d')) imported_at
FROM
  ""byd_table_daily_sales_order_item""",2024-04-10T13:42:58.298+02:00,FAILED,512 ms,0 MB,Athena engine version 3,
3cde9ce0-0914-46a9-81b6-74a6d2f4bb5f,"select ""id"", ""delivery_id"", ""delivery_type"", ""delivery_type_desc"", ""business_partner"", ""data_origin"", ""quantity"", ""released_status"", ""packaging_status"", ""cancellation_status"", ""consistency_status"", ""tms_status"", ""shipping_cost"", ""shipping_cost_currency"", ""freight"", ""freight_currency"", ""freightforwarder_id"", ""freightforwarder_name"", ""nb_colis"", ""width"", ""width_unit"", ""length"", ""length_unit"", ""height"", ""height_unit"", ""weight"", ""weight_unit"", ""signature_request"", ""packaging_type"", ""nb_pallets"", ""shipfrom_location_id"", ""shipto_location_id"", ""shipto_country"", ""shipto_city"", ""shipto_street"", ""tracking_number"", ""delivery_date"", ""shipping_date"", ""packaging_date"", ""last_update"", ""creation_date"", ""company_code"", ""imported_at"" from ""AwsDataCatalog"".""datalake-prod"".""erp_gold_view_daily_deliveries""",2024-04-10T13:39:19.447+02:00,SUCCEEDED,7.162 sec,1.23 GB,Athena engine version 3,
52e76c45-9747-45e8-a8c0-86a854856df1,SHOW SCHEMAS,2024-04-10T13:39:18.518+02:00,SUCCEEDED,334 ms,0 MB,Athena engine version 3,
3a4998c4-91dc-4a7f-b17a-7753afbebf01,"SELECT * FROM ""erp_gold_view_daily_deliveries""
WHERE 
released_status = 'Not Released' AND cancellation_status = 'Not Canceled' AND packaging_status= 'Ready for departure - Mitry'",2024-04-10T13:37:31.916+02:00,SUCCEEDED,2.248 sec,1.23 GB,Athena engine version 3,
16b6c36f-e1ba-4c10-b1a3-465115ff8542,"CREATE OR REPLACE VIEW ""erp_gold_view_daily_deliveries"" AS 
SELECT *
FROM
  ""byd_bronze_view_daily_deliveries""",2024-04-10T13:35:31.747+02:00,SUCCEEDED,745 ms,0 MB,Athena engine version 3,
235404f3-32dc-41d2-84b3-0574ff31e703,"CREATE OR REPLACE VIEW ""byd_silver_view_daily_deliveries"" AS 
SELECT
  byd_bronze_view_daily_deliveries.""id""
, byd_bronze_view_daily_deliveries.""delivery_id""
, byd_bronze_view_daily_deliveries.""delivery_type""
, byd_bronze_view_daily_deliveries.""delivery_type_desc""
, byd_bronze_view_daily_deliveries.""business_partner""
, byd_bronze_view_daily_deliveries.""data_origin""
, byd_bronze_view_daily_deliveries.""quantity""
, byd_bronze_view_daily_deliveries.""released_status""
, byd_bronze_view_daily_deliveries.""packaging_status""
, byd_bronze_view_daily_deliveries.""cancellation_status""
, byd_bronze_view_daily_deliveries.""consistency_status""
, byd_bronze_view_daily_deliveries.""tms_status""
, ""shipping_cost""
, byd_bronze_view_daily_deliveries.""shipping_cost_currency""
, byd_bronze_view_daily_deliveries.""freight""
, byd_bronze_view_daily_deliveries.""freight_currency""
, byd_bronze_view_daily_deliveries.""freightforwarder_id""
, byd_bronze_view_daily_deliveries.""freightforwarder_name""
, byd_bronze_view_daily_deliveries.""nb_colis""
, byd_bronze_view_daily_deliveries.""width""
, byd_bronze_view_daily_deliveries.""width_unit""
, byd_bronze_view_daily_deliveries.""length""
, byd_bronze_view_daily_deliveries.""length_unit""
, byd_bronze_view_daily_deliveries.""height""
, byd_bronze_view_daily_deliveries.""height_unit""
, byd_bronze_view_daily_deliveries.""weight""
, byd_bronze_view_daily_deliveries.""weight_unit""
, byd_bronze_view_daily_deliveries.""comment""
, byd_bronze_view_daily_deliveries.""signature_request""
, byd_bronze_view_daily_deliveries.""packaging_type""
, byd_bronze_view_daily_deliveries.""nb_pallets""
, byd_bronze_view_daily_deliveries.""shipfrom_location_id""
, erp_gold_view_daily_deliveries_items.""departure_shop""
, byd_bronze_view_daily_deliveries.""shipto_location_id""
, byd_bronze_view_daily_deliveries.""shipto_country""
, byd_bronze_view_daily_deliveries.""shipto_city""
, byd_bronze_view_daily_deliveries.""shipto_street""
, byd_bronze_view_daily_deliveries.""tracking_number""
, byd_bronze_view_daily_deliveries.""delivery_date""
, byd_bronze_view_daily_deliveries.""shipping_date""
, byd_bronze_view_daily_deliveries.""packaging_date""
, byd_bronze_view_daily_deliveries.""last_update""
, byd_bronze_view_daily_deliveries.""creation_date""
, byd_bronze_view_daily_deliveries.""company_code""
, byd_bronze_view_daily_deliveries.""imported_at""
FROM
  (""byd_bronze_view_daily_deliveries""
LEFT JOIN ""erp_gold_view_daily_deliveries_items"" ON (""erp_gold_view_daily_deliveries_items"".delivery_id = ""byd_bronze_view_daily_deliveries"".delivery_id))",2024-04-10T13:35:15.331+02:00,SUCCEEDED,1.764 sec,0 MB,Athena engine version 3,
ab89eb68-fd4f-4638-bcbf-83f6685f770c,"CREATE OR REPLACE VIEW ""byd_bronze_view_daily_deliveries"" AS 
SELECT
  ""concat""(ID, '-EVX') id
, ID delivery_id
, ProcessingTypeCodeText delivery_type
, TypeCodeText delivery_type_desc
, outbounddeliveryshiptolocation.partyid business_partner
, DataOriginTypeCodeText data_origin
, CRL_CQIAskedProductQuantitycontent_SDK quantity
, ReleaseStatusCodeText released_status
, OutBoun_PackagingStatuscontent_SDKText packaging_status
, CancellationStatusCodeText cancellation_status
, ConsistencyStatusCodeText consistency_status
, TMS_Status_KUT tms_status
, shippingcostcontent_KUT shipping_cost
, shippingcostcurrencyCode_KUT shipping_cost_currency
, OutBoun_TotalFreightcontent_SDK freight
, OutBoun_TotalFreightcurrencyCode_SDK freight_currency
, OutboundDeliveryFreightForwarderParty.PartyID FreightForwarder_id
, OutboundDeliveryFreightForwarderParty.AddressSnapshotAddressSnapshot2.FormattedName FreightForwarder_name
, Nombredecoliscontent_KUT nb_colis
, OutBoun_LARGEURcontent_SDK width
, OutBoun_LARGEURunitCode_SDKText width_unit
, OutBoun_LONGUEURcontent_SDK length
, OutBoun_LONGUEURunitCode_SDKText length_unit
, OutBoun_HAUTEURcontent_SDK height
, OutBoun_HAUTEURunitCode_SDKText height_unit
, outbounddeliverygrossweightmeasure.measure weight
, outbounddeliverygrossweightmeasure.unitcode weight_unit
, OutBoun_COMMENTS_SDK comment
, OutBoun_SignatureRequest_SDK signature_request
, Typedecolisage_KUTText packaging_type
, Nombredepalettescontent_KUT nb_pallets
, outbounddeliveryshipfromlocation.locationid shipfrom_location_id
, outbounddeliveryshiptolocation.locationid shipto_location_id
, outbounddeliverybuyerparty.addresssnapshotaddresssnapshot1.addresssnapshotpostaladdress1[1].countrycode shipto_country
, JSON_EXTRACT_SCALAR(outbounddeliveryshiptolocation1, '$.addresssnapshotpostaladdress3[0].cityname') shipto_city
, JSON_EXTRACT_SCALAR(outbounddeliveryshiptolocation1, '$.addresssnapshotpostaladdress3[0].countrycode') shipto_CountryCode
, outbounddeliverybuyerparty.addresssnapshotaddresssnapshot1.addresssnapshotpostaladdress1[1].streetname shipto_street
, id7 tracking_number
, ""from_unixtime""(CAST(""substring""(OutboundDeliveryArrivalPeriod.StartDateTime, 7, 10) AS double)) delivery_date
, ""from_unixtime""(CAST(""substring""(OutboundDeliveryShippingPeriod.StartDateTime, 7, 10) AS double)) shipping_date
, ""from_unixtime""(CAST(""substring""(DateEmballage_KUT, 7, 10) AS double)) packaging_date
, ""from_unixtime""(CAST(""substring""(LastChangeDateTime, 7, 10) AS double)) last_update
, ""from_unixtime""(CAST(""substring""(CreationDateTime, 7, 10) AS double)) creation_date
, 'EVX' company_code
, ""from_iso8601_date""(""regexp_extract""(""$path"", '\d\d\d\d-[0-1]\d-[0-3]\d')) imported_at
FROM
  ""byd_table_daily_deliveries""",2024-04-10T13:34:50.202+02:00,SUCCEEDED,618 ms,0 MB,Athena engine version 3,
76e3e538-cffb-42bc-967a-1bfe12860449,"select ""id"", ""item_id"", ""po_id"", ""product_id"", ""cancellation_status"", ""delivery_processing_status"", ""invoice_processing_status"", ""invoicing_status"", ""ordering_status"", ""confirmation_status"", ""delivery_status"", ""company_code"", ""currency_code"", ""total_net_amount"", ""quantity"", ""location_id"", ""ods_id"", ""created_at"", ""updated_at"", ""imported_at"", ""name"", ""brand"", ""description"", ""product_category_technical_name"" from ""AwsDataCatalog"".""datalake-prod"".""erp_gold_view_daily_purchase_orders_items_description""",2024-04-10T13:29:22.627+02:00,SUCCEEDED,6.804 sec,563.56 MB,Athena engine version 3,
5799fbc2-1407-450a-b20c-aa1cb16d7e99,"select ""id"", ""item_id"", ""po_id"", ""product_id"", ""cancellation_status"", ""delivery_processing_status"", ""invoice_processing_status"", ""invoicing_status"", ""ordering_status"", ""confirmation_status"", ""delivery_status"", ""company_code"", ""currency_code"", ""total_net_amount"", ""quantity"", ""location_id"", ""ods_id"", ""created_at"", ""updated_at"", ""imported_at"", ""name"", ""brand"", ""description"", ""product_category_technical_name"" from ""AwsDataCatalog"".""datalake-prod"".""erp_gold_view_daily_purchase_orders_items_description""",2024-04-10T13:29:00.731+02:00,SUCCEEDED,6.826 sec,563.56 MB,Athena engine version 3,
d23129aa-718b-4a1b-a6f0-4593e46b9f03,SHOW SCHEMAS,2024-04-10T13:28:31.601+02:00,SUCCEEDED,353 ms,0 MB,Athena engine version 3,
9b385bfe-529b-475b-98a6-99f68b34a8c7,"SELECT COUNT(*) FROM ""datalake-prod"".""erp_gold_view_daily_purchase_orders_items""",2024-04-10T13:26:24.319+02:00,SUCCEEDED,2.662 sec,286.66 MB,Athena engine version 3,
81c8c5af-392e-4b8c-bd76-c7d8523d0ab6,"SELECT COUNT(*) FROM ""datalake-prod"".""erp_gold_view_daily_purchase_orders_items_description""",2024-04-10T13:26:01.319+02:00,SUCCEEDED,4.211 sec,563.56 MB,Athena engine version 3,
3f519d7e-c8e9-4757-8681-b413b61d5b9e,"CREATE OR REPLACE VIEW ""erp_gold_view_daily_purchase_orders_items_description"" AS SELECT
erp_gold_view_daily_purchase_orders_items.*,
erp_gold_view_daily_products.name,
erp_gold_view_daily_products.brand,
erp_gold_view_daily_products.description,
erp_gold_view_daily_products.product_category_technical_name



FROM ""erp_gold_view_daily_purchase_orders_items""
left join ""erp_gold_view_daily_products"" ON ""erp_gold_view_daily_purchase_orders_items"".product_id = erp_gold_view_daily_products.id",2024-04-10T13:25:37.649+02:00,SUCCEEDED,2.076 sec,0 MB,Athena engine version 3,
effb1c46-bc9f-45a1-93bf-de96f0163714,"SELECT * FROM ""datalake-prod"".""erp_gold_view_daily_purchase_orders_items_v2"" limit 10",2024-04-10T13:22:05.581+02:00,SUCCEEDED,1.398 sec,2.44 MB,Athena engine version 3,
535f96fe-1312-4831-9ace-4a3d7ac2f861,"select ""id"", ""item_id"", ""po_id"", ""product_id"", ""cancellation_status"", ""delivery_processing_status"", ""invoice_processing_status"", ""invoicing_status"", ""ordering_status"", ""confirmation_status"", ""delivery_status"", ""company_code"", ""currency_code"", ""total_net_amount"", ""quantity"", ""location_id"", ""ods_id"", ""created_at"", ""updated_at"", ""imported_at"" from ""AwsDataCatalog"".""datalake-prod"".""erp_gold_view_daily_purchase_orders_items""",2024-04-10T13:16:49.408+02:00,SUCCEEDED,4.745 sec,286.66 MB,Athena engine version 3,
b353a205-f353-4f3f-9b12-ff41c77d2221,"select ""id"", ""item_id"", ""po_id"", ""product_id"", ""cancellation_status"", ""delivery_processing_status"", ""invoice_processing_status"", ""invoicing_status"", ""ordering_status"", ""confirmation_status"", ""delivery_status"", ""company_code"", ""currency_code"", ""total_net_amount"", ""quantity"", ""location_id"", ""ods_id"", ""created_at"", ""updated_at"", ""imported_at"" from ""AwsDataCatalog"".""datalake-prod"".""erp_gold_view_daily_purchase_orders_items""",2024-04-10T13:16:29.782+02:00,SUCCEEDED,4.811 sec,286.66 MB,Athena engine version 3,
c98f351f-0f63-45e6-9d92-c6dc85addc97,SHOW SCHEMAS,2024-04-10T13:15:15.543+02:00,SUCCEEDED,335 ms,0 MB,Athena engine version 3,
2ed9193e-e426-4f38-9186-1b5d3bd8612d,"select ""userid"", ""paycomponent"", ""compensationstartdate"", ""paycompvalue"", ""imported_at"" from ""AwsDataCatalog"".""datalake-prod"".""sf_view_daily_compensation_processed""",2024-04-10T12:11:47.123+02:00,SUCCEEDED,1.102 sec,41.22 MB,Athena engine version 3,
fbf203d6-bd00-45d4-ba61-0cdd508c2ff3,"select ""id"", ""delivery_id"", ""item_id"", ""delivery_item_id"", ""delivery_type"", ""delivery_type_desc"", ""business_partner"", ""data_origin"", ""quantity"", ""released_status"", ""packaging_status"", ""cancellation_status"", ""consistency_status"", ""tms_status"", ""shipping_cost"", ""shipping_cost_currency"", ""freight"", ""freight_currency"", ""freightforwarder_id"", ""freightforwarder_name"", ""nb_colis"", ""width"", ""width_unit"", ""length"", ""length_unit"", ""height"", ""height_unit"", ""weight"", ""weight_unit"", ""comment"", ""signature_request"", ""packaging_type"", ""nb_pallets"", ""shipfrom_location_id"", ""departure_shop"", ""shipto_location_id"", ""shipto_country"", ""shipto_city"", ""shipto_street"", ""tracking_number"", ""delivery_date"", ""shipping_date"", ""packaging_date"", ""last_update"", ""creation_date"", ""company_code"", ""imported_at"" from ""AwsDataCatalog"".""datalake-prod"".""erp_gold_view_daily_deliveries_items_aggr""",2024-04-10T12:05:02.711+02:00,SUCCEEDED,12.44 sec,3.48 GB,Athena engine version 3,
f2c55d3e-23bd-4fcf-af2c-59de2f332f54,SHOW SCHEMAS,2024-04-10T12:05:01.803+02:00,SUCCEEDED,346 ms,0 MB,Athena engine version 3,
8ba7f33c-7aa3-41b4-bb7f-cae472b93f90,"select ""delivery_id"", ""delivery_item_id"", ""product_id"", ""business_partner"", ""shipping_cost"", ""shipping_date"", ""ods_id"", ""contract_id"", ""imported_at"" from ""AwsDataCatalog"".""datalake-prod"".""erp_gold_view_daily_transport_cost""",2024-04-10T12:03:28.546+02:00,SUCCEEDED,6.567 sec,3.90 GB,Athena engine version 3,
b69bc593-a7a6-4a88-871b-1c1300423c96,"select ""id"", ""buyerid"", ""employee_responsible"", ""costcenter"", ""partyid"", ""partyid17"", ""partyid18"", ""description"", ""lifecyclestatus"", ""shipfrom"", ""additionalinstruction"", ""product_id"", ""product_description"", ""product_replacement"", ""product_quantity"", ""confirmed_quantity"", ""crl_cqireleasedforcastmargincontent_sdk"", ""netamount"", ""currency"", ""imported_at"", ""creation_date"" from ""AwsDataCatalog"".""datalake-prod"".""erp_gold_view_daily_sales_order_items""",2024-04-10T12:00:09.185+02:00,SUCCEEDED,3.152 sec,148.11 MB,Athena engine version 3,
e24abd7b-0bb1-4355-9fe8-3334ba68a701,SHOW SCHEMAS,2024-04-10T12:00:08.315+02:00,SUCCEEDED,325 ms,0 MB,Athena engine version 3,
0947f191-bc15-4689-a4c7-b700ac84d455,"select ""id"", ""item_id"", ""delivery_id"", ""delivery_item_id"", ""cancellation_status"", ""consistency_status"", ""release_status"", ""product_id"", ""quantity"", ""imported_at"", ""creation_date"", ""deliveries_id"", ""confirmed_id"", ""shipto_id"", ""theoritical_arrivaldate"" from ""AwsDataCatalog"".""datalake-prod"".""erp_gold_view_daily_inbound_delivery_item""",2024-04-10T12:00:06.495+02:00,SUCCEEDED,7.685 sec,855.66 MB,Athena engine version 3,
